Samples	enspie	enspie_25	enspie_975	observed_otus	observed_otus_25	observed_otus_975
SB062716TAWCSCB33CD12BR2TR1I87	94.9339175786678	5.683851839035	6.84732233398698	429.0	20.0	22.0
SB062716TAWCSCB33CD1BR2TR1I80	76.4451319976987	5.372300107744465	5.0948471264748605	331.0	15.0	15.0
SB071116TAWCSCB22D11BR2TR2I616	52.34008264929787	4.597461140723333	5.068927174751245	407.0	21.0	19.0
SB071116TAWCSCB33CD24BR1TR2I611	83.64447867949744	5.013724041043332	5.820901586425208	444.0	20.0	22.024999999999977
SB071116TAWCSCB51D33BR1TR1I153	40.129402515858374	3.9247141188657224	4.499250479282985	406.0	20.0	22.0
SB071116TAWCSCB52D29BR1TR2I619	72.34258792922353	5.267550022501695	6.090091167963749	466.0	23.0	22.0
SB071116TAWCSCB53D25BR2TR2I615	90.03120074478112	6.871914227501875	7.135116579601316	587.0	26.0	25.0
SB071316TAWCSCB22D11BR2TR2I613	50.95534782998748	4.35660789980534	5.27605098856025	406.0	19.0	19.0
SB072516TAWCSCB33CD0BR1TR2I620	44.61751606836881	3.966114167047813	3.862966168148418	357.0	18.0	19.024999999999977
SB072516TAWCSCB33CD22BR1TR1I123	81.92188966679817	6.855648034594822	7.19993668825559	524.0	23.0	22.024999999999977
SB072516TAWCSCB33CD6BR1TR1I104	20.927543677390894	2.0374171307715834	2.1880823509239313	353.0	18.0	18.0
SB072516TAWCSCB33CD8BR1TR1I107	50.15119420146843	4.222279954765426	4.709539859903899	396.0	17.0	18.0
SB081216TAWCSCB22D11BR1TR2I617	37.94908538843855	3.0381529209085514	3.4037245971358274	434.0	23.0	23.0
SB081216TAWCSCB32D10BR1TR2I621	69.00991627506413	4.876417032844273	5.014546056577984	449.0	23.0	21.0
SB081216TAWCSCB33CD0BR1TR1I126	63.05045576416229	4.574049389825866	4.881348154259463	366.0	18.0	19.024999999999977
SB081216TAWCSCB33CD13BR1TR1I134	45.63928954432728	4.547031635653013	4.533725444115618	399.0	20.0	20.0
SB081216TAWCSCB33CD16BR2TR1I138	6.958309639340311	0.575661364780772	0.6277850654145691	389.0	21.0	21.0
SB081216TAWCSCB33CD18BR1TR1I140	8.466578359563453	0.6638058416239083	0.8109769565502152	381.0	20.0	20.024999999999977
SB081216TAWCSCB33CD24BR1TR2I623	42.86224705510253	4.633320025821668	4.94074586023924	600.0	26.0	27.024999999999977
SB081216TAWCSCB33CD8BR1TR1I130	56.04685528312508	3.4272941993942254	3.283501064703998	241.0	8.0	8.0
SB081216TAWCSCB41CD31BR1TR2I618	70.27318837202296	5.868865701109101	6.170678552418551	540.0	24.0	26.0
SB081216TAWCSCB42CD26BR2TR1I612	81.53030907224282	6.537389074399059	6.365529797291103	527.0	22.0	23.0
SB081216TAWCSCB53D25BR2TR2I189	80.91936029034184	7.543154898455612	8.057582699060589	649.0	27.02500000000009	29.0
SB082916TAWCSCB43CD26BR1TR2I220	30.534821318350424	3.2458565733699523	3.4417734663314548	429.0	21.0	22.024999999999977
SB082916TAWCSCB53D25BR1TR2I610	89.10039996178617	9.015946693134921	9.350535652475173	699.0	25.0	30.0
SB083116TAWCSCB22D11BR2TR2I622	62.735106933358395	4.396714035446031	4.937751552201689	498.0	23.024999999999977	25.0
94_AmirControl_R1	68.01961442127222	4.90844989823092	5.58928553538631	403.0	20.0	21.0
95_FiltCtrl_Surface_R1	22.5306613266727	2.1361365608192813	2.4314556267920757	343.0	17.0	18.0
SB041117TAWCSCB22D11BR2TR1I288	68.64643994681725	6.257919121757318	7.121252912492395	606.0	20.0	20.024999999999977
SB041117TAWCSCB31D13BR1TR1I289	172.94289108279517	17.440048099047885	19.977597211549664	946.0	30.0	33.0
SB041117TAWCSCB32D10BR2TR1I290	55.29428269913854	6.238955301326136	6.140019535965926	683.0	27.0	27.0
SB041117TAWCSCB33CD24BR1TR1I291	26.175746034456502	2.1131801145860116	2.1943219352076326	343.0	16.0	19.0
SB041117TAWCSCB33CD5BR1TR1I286	62.86692266951617	4.07654450258066	4.4407960895831025	286.0	12.025000000000034	11.0
SB041117TAWCSCB42CD26BR1TR1I293	62.413811994387686	5.845634777551645	6.120523789109356	537.0	22.0	24.0
SB041117TAWCSCB43CD27BR1TR1I294	43.77093805560412	4.20438196125351	4.233838990678294	511.0	24.0	23.0
SB041117TAWCSCB44D31BR1TR1I295	62.605148423573645	5.51167862805687	5.703248569917982	570.0	24.0	25.0
SB041117TAWCSCB51D33BR1TR1I296	58.76558559990124	5.162728194619966	5.574129409440999	485.0	22.0	23.0
SB041117TAWCSCB53D5BR1TR1I284	23.51995121812961	1.757218219901631	1.9084787199664568	227.0	12.0	12.0
SB041117TAWCSCB54D25BR1TR1I300	11.961415608793843	0.859697126140011	1.0075274126171188	209.0	13.0	13.0
SB041117TAWCSCB54D25BR2TR1I310	62.328286563555196	4.645653602460072	5.125094910989958	437.0	20.0	19.0
SB041117TAWCSCB62D9BR1TR1I303	57.089253489887625	3.940214516093498	4.090054659477374	319.0	13.025000000000034	14.024999999999977
SB041117TAWCSCB62D9BR1TR1I312	43.27748337718977	3.408259874283999	3.5924356673057147	357.0	19.0	19.0
SB041117TAWCSCB63D10BR1TR1I304	38.06167384903755	3.0217448730777576	3.521284287782393	299.0	15.0	15.0
SB041117TAWCSCB63D10BR2TR1I313	52.045474834447944	4.258761774178986	4.4982987998246315	421.0	22.0	23.0
SB041117TAWCSCB71D20BR1TR1I306	29.03026483777601	2.1042411253598416	2.3270060096585965	296.0	16.0	15.0
SB041117TAWCSCB71D20BR2TR1I315	46.43920403039566	3.3247628376606997	3.7406461003549083	346.0	16.0	17.0
SB041117TAWCSCB72D20BR1TR1I307	28.99110887921016	2.4427072786329695	2.8548515979941094	285.0	12.0	13.0
SB041117TAWCSCB72D20BR1TR1I316	58.90356069977525	4.659708446830329	5.0758968604390375	449.0	20.024999999999977	21.0
SB041117TAWCSCB73D12BR1TR1I308	56.57639957027462	4.42806922708607	4.305154599836797	357.0	16.0	16.0
SB041117TAWCSCB73D12BR1TR1I317	57.5650922614727	5.424474647950099	5.674925616284057	482.0	22.0	24.0
SB050817TAWCSCB22D11BR1TR1I322	79.07075678442263	7.124796917759909	7.802993861407018	637.0	25.0	24.0
SB050817TAWCSCB31D13BR1TR1I323	82.0809238694289	7.136493501869154	8.358936736598025	701.0	28.0	27.0
SB050817TAWCSCB32D10BR2TR1I324	50.78180631519824	4.235184078050182	4.666703018778094	574.0	29.0	28.024999999999977
SB050817TAWCSCB33CD24BR1TR1I325	33.89550205307509	2.311567503022843	2.8772403593662688	353.0	18.0	16.0
SB050817TAWCSCB33CD5BR1TR1I320	46.223732907069994	4.201892230292174	4.396548141189946	405.0	19.0	22.0
SB050817TAWCSCB42CD26BR1TR1I327	40.217929717395634	3.1571730100792976	3.5355246328257977	364.0	19.0	17.0
SB050817TAWCSCB43CD27BR1TR1I328	58.71194256663655	4.238717829893552	3.983686148190131	396.0	19.0	19.0
SB050817TAWCSCB44D31BR1TR1I329	45.73988826212576	3.3021764264642712	3.919433270379571	363.0	18.024999999999977	18.024999999999977
SB050817TAWCSCB51D33BR1TR1I330	61.88628128054556	5.309170598868462	5.591209229844949	531.0	25.025000000000034	26.024999999999977
SB050817TAWCSCB53D25BR2TR1I333	52.893092156022625	4.500126910166458	4.893398295194281	399.0	19.024999999999977	20.0
SB050817TAWCSCB53D5BR1TR1I318	26.93754058175212	2.0214419233895775	2.120770782757109	291.0	17.0	17.0
SB050817TAWCSCB54D25BR1TR1I334	31.958045754718658	2.1982123895476846	2.536266575975798	278.5	14.5	14.5
SB050817TAWCSCB54D25BR1TR1I343	58.07475691512824	5.362893985125098	5.921225641060396	457.0	22.0	23.024999999999977
SB050817TAWCSCB61D11BR1TR1I345	57.20820076744097	4.538755895895086	4.697841937969194	354.0	17.0	15.0
SB050817TAWCSCB62D9BR1TR1I337	44.07468628267216	3.378681208448576	3.3080290637115155	317.0	17.0	17.024999999999977
SB050817TAWCSCB62D9BR1TR1I346	83.37500232157475	7.3310346576966054	7.37320068324793	593.0	24.0	26.0
SB050817TAWCSCB63D10BR1TR1I338	47.45045259828895	3.8027792734036865	3.934364157001582	368.0	19.0	21.0
SB050817TAWCSCB63D10BR2TR1I347	66.40124604062211	5.0187007984694745	4.796944751056714	436.0	17.0	21.0
SB050817TAWCSCB71D20BR1TR1I340	47.589863837426876	3.204745335469532	3.3532685585238653	298.0	16.0	16.0
SB050817TAWCSCB71D20BR2TR1I349	64.83241935760752	4.808899146998421	5.184428015556193	435.0	24.0	21.0
SB050817TAWCSCB72D20BR1TR1I341	45.33556673003012	3.3768456914051086	3.564154375621392	292.0	14.0	15.0
SB050817TAWCSCB72D20BR1TR1I350	61.71072421057825	4.472175111412412	5.304371435960704	397.0	18.0	18.024999999999977
SB050817TAWCSCB73D12BR1TR1I342	66.96409481768198	3.9370472871123354	4.48783262985485	319.0	13.0	14.0
SB050817TAWCSCB73D12BR1TR1I351	86.32060161260479	5.82124911141419	6.0037130242686345	470.0	21.0	22.0
SB060517TAWCSCB22D11BR2TR1I356	46.24390763355677	3.6249416324614785	3.608003865163802	357.0	16.0	17.0
SB060517TAWCSCB31D13BR1TR1I357	36.64029375042249	2.9618642587753	3.148941733212169	335.0	15.0	17.024999999999977
SB060517TAWCSCB32D10BR2TR1I358	85.76245358169328	5.956473719609889	6.322740062478928	469.0	22.025000000000034	23.0
SB060517TAWCSCB33CD24BR1TR1I359	66.50372541924813	4.408875829722078	5.20564234970945	415.0	19.0	19.0
SB060517TAWCSCB33CD5BR1TR1I354	47.8033142778282	3.5710164992416793	4.059634248808337	324.0	15.0	16.0
SB060517TAWCSCB42CD26BR1TR1I361	53.63013319984813	4.241047437673721	4.108748870768736	314.0	13.0	13.0
SB060517TAWCSCB43CD27BR1TR1I362	47.99003119971425	4.110621046928387	4.183933291265831	377.0	22.0	20.0
SB060517TAWCSCB44D31BR1TR1I363	59.48560086918525	5.557704925847666	5.945398482699019	525.0	24.0	24.0
SB060517TAWCSCB44D5BR1TR1I353	51.937422513123266	3.6766223779712988	4.110147592440505	363.0	17.025000000000034	17.0
SB060517TAWCSCB51D33BR1TR1I364	44.75120539178819	3.9338106369501773	4.279576594155969	328.0	15.0	16.0
SB060517TAWCSCB53D25BR2TR1I367	59.545776980200415	4.572107017525212	5.179219102407913	366.0	18.0	16.0
SB060517TAWCSCB53D5BR1TR1I352	48.62273926889364	3.7034036680440465	4.081690205256663	385.0	19.0	19.0
SB060517TAWCSCB54D25BR1TR1I368	69.81342006778814	4.149638170773599	4.376816189453905	348.0	17.0	16.0
SB060517TAWCSCB54D25BR1TR1I377	45.923681271875395	3.9368377520204305	4.626012298795196	410.0	22.0	21.0
SB060517TAWCSCB61D11BR1TR1I370	47.307133889784794	2.42275559218956	2.7442878243756397	284.0	15.0	15.024999999999977
SB060517TAWCSCB61D11BR1TR1I379	39.71145044303927	3.4569764317648364	3.8773033113627164	413.0	22.0	22.0
SB060517TAWCSCB62D9BR1TR1I371	47.564729538866516	3.1501769867477663	3.3799547086674195	285.0	14.0	16.0
SB060517TAWCSCB62D9BR1TR1I380	50.32438219079503	4.382206783513034	4.857841775063015	377.0	18.025000000000034	19.0
SB060517TAWCSCB63D10BR1TR1I372	39.255176051865575	2.0930292760226408	2.4420142765924595	253.0	13.0	14.0
SB060517TAWCSCB63D10BR1TR1I381	53.33981473991018	4.343123246072068	4.876263011240688	402.0	19.0	21.0
SB060517TAWCSCB71D20BR1TR1I374	40.82040179062651	2.5734789636747664	2.750396381024416	269.0	15.0	14.0
SB060517TAWCSCB71D20BR1TR1I383	47.83606895884739	4.3329053591979445	4.3949662754541095	384.0	16.024999999999977	18.0
SB060517TAWCSCB73D12BR1TR1I376	52.83847502705049	3.7930327099317367	3.866182580901068	308.0	16.0	15.024999999999977
SB060517TAWCSCB73D12BR1TR1I385	83.42752200808555	6.505848830576127	7.228375799587198	418.5	15.5	14.5
SB071017TAWCSCB22D11BR2TR1I390	31.435655698235692	2.804242496854865	3.0569596111133848	534.0	23.0	26.0
SB071017TAWCSCB31D13BR1TR1I391	40.21290156546415	3.344732654729114	3.4357132761308122	408.0	20.025000000000034	19.0
SB071017TAWCSCB33CD24BR1TR1I393	17.207351816713985	1.782739114892598	2.0537831047705524	499.0	24.024999999999977	25.0
SB071017TAWCSCB33CD5BR1TR1I388	60.24363014731088	4.401668085973178	4.699685599691094	392.0	17.025000000000034	18.0
SB071017TAWCSCB42CD26BR1TR1I395	46.65185860934355	4.498641393300019	4.790471495807381	450.0	20.0	21.0
SB071017TAWCSCB43CD27BR1TR1I396	61.01544024020307	6.78053812518619	7.126176519154562	566.0	24.0	24.0
SB071017TAWCSCB44D31BR1TR1I397	94.03977321215805	7.606129838861861	8.233449631664683	521.0	23.0	21.024999999999977
SB071017TAWCSCB44D5BR1TR1I387	39.55239418089262	3.2442133087877636	3.5055266946604746	299.0	15.0	15.0
SB071017TAWCSCB51D33BR1TR1I398	70.25729330470281	5.349949804955429	5.839168507008154	390.0	18.0	17.0
SB071017TAWCSCB54D25BR1TR1I402	30.10349075858528	2.3103781001794346	2.5515335784180806	278.0	15.0	14.0
SB071017TAWCSCB54D25BR2TR1I412	75.2714338984265	6.248716816572141	6.4484124405231995	449.0	20.0	19.024999999999977
SB071017TAWCSCB62D9BR1TR1I405	39.4562218240286	3.547363013901027	3.903606025661311	365.0	16.024999999999977	18.0
SB071017TAWCSCB63D10BR1TR1I406	24.483874529842254	2.220456856084585	2.3998430227527408	291.0	14.024999999999977	15.0
SB071017TAWCSCB71D20BR1TR1I408	44.61243268421916	3.7409294351130953	4.068943259652009	388.0	20.0	22.0
SB071017TAWCSCB72D20BR1TR1I409	44.02922082043785	3.5421305155401868	3.4961764560624573	338.0	17.0	17.0
SB071017TAWCSCB73D12BR1TR1I410	31.641415129389586	3.1174138623184433	3.4777575084047996	339.0	17.025000000000034	18.0
94_AmirControl_R2	76.77946582281126	5.519309930489271	5.829245790520204	404.0	17.0	19.0
SB041117TAWCSCB61D11BR1TR1I302	27.549628184171674	2.2211261203364856	2.1601800890048573	246.0	13.0	13.0
SB041117TAWCSCB61D11BR1TR1I311	53.65537483993307	4.198509143860555	4.6551419002206345	348.0	16.0	15.0
SB050817TAWCSCB61D11BR1TR1I336	52.026533267440286	3.125125990368211	3.6323923846008483	340.0	18.0	19.024999999999977
SB060117TAWCSCB33CD12BR1TR1I536	98.35744407919861	6.541593506572681	7.497686383510043	521.0	25.0	24.0
SB061517TAWCSCB33CD0BR2TR1I558	52.56768542721612	3.162804047859453	3.363627144484269	318.0	14.0	15.0
SB061517TAWCSCB33CD21BR1TR1I571	88.12392745185	7.565105170598997	7.539775468349703	531.0	22.0	22.024999999999977
SB061517TAWCSCB33CD2BR1TR1I561	63.90724723298512	4.388680024690203	4.506539630413194	347.0	17.0	14.0
SB061517TAWCSCB33CD6BR1TR1I563	59.79405396075887	4.023022279776178	4.4965013445034145	370.0	19.0	18.024999999999977
SB071017TAWCSCB61D11BR1TR1I404	34.61530013372231	2.846341332213676	3.035152551406739	309.0	15.0	16.0
SB071017TAWCSCB71D20BR1TR1I417	94.679418887327	6.6520919008848125	7.084914188863976	476.0	20.024999999999977	20.0
SB071017TAWCSCB73D12BR1TR1I419	105.03360003294654	7.8639804393471735	7.713422902931541	460.0	18.025000000000034	20.0
SB071717TAWCSCB33CD2BR1TR1I576	42.41850955890234	3.101956533028961	3.306426371082239	308.0	13.0	14.0
SB080717TAWCSCB31D13BR1TR1I425	68.25985888772269	5.460354438672667	6.2920189375397655	534.0	22.024999999999977	26.0
SB080717TAWCSCB33CD5BR1TR1I422	73.1333062842626	5.013289095306774	5.514477744588433	395.0	19.0	16.024999999999977
SB080717TAWCSCB42CD26BR1TR1I429	63.1468308166391	5.2491352316126765	5.236435863663537	460.0	21.0	24.0
SB080717TAWCSCB43CD27BR1TR1I430	47.91318108471873	4.624355516398232	5.2728489093316	496.0	21.0	22.0
SB080717TAWCSCB44D31BR1TR1I431	122.76613676271442	12.111120748986494	14.372976835337695	802.0	26.0	28.024999999999977
SB080717TAWCSCB44D5BR1TR1I421	39.43186337783047	3.5772937286022	3.859560048315096	359.0	19.0	20.0
SB080717TAWCSCB51D33BR1TR1I432	64.08414427672533	6.236653901717787	6.599000758525648	591.0	26.0	28.024999999999977
SB080717TAWCSCB53D5BR1TR1I420	48.59728902161016	3.555922051298758	4.079795733691725	312.0	14.0	12.0
SB080717TAWCSCB54D25BR2TR1I446	77.82444998075138	6.136373411507634	7.055026830686714	573.0	23.024999999999977	26.024999999999977
SB080717TAWCSCB61D11BR1TR1I447	51.022032864835424	4.652575009612448	5.111772079594928	443.0	16.0	20.0
SB080717TAWCSCB62D9BR1TR1I439	39.52722269586485	3.5251007653145265	3.4665748903284026	408.0	21.0	21.0
SB080717TAWCSCB63D10BR1TR1I440	45.87175178664079	4.757196835993575	4.650249337734365	407.0	17.0	16.0
SB080717TAWCSCB63D10BR1TR1I449	64.07502807780403	5.487045790840831	5.475800608361837	454.0	19.0	19.0
SB080717TAWCSCB71D20BR1TR1I442	42.19888211830858	3.582647273270119	3.4359330976064726	349.0	16.0	18.0
SB080717TAWCSCB72D20BR1TR1I452	105.61250804637486	11.609102170633818	11.559455414118446	679.0	24.0	25.0
SB080717TAWCSCB73D12BR1TR1I444	42.335360057717125	4.527854219596385	4.963885368699707	445.0	21.024999999999977	22.0
SB082817TAWCSCB31D13BR1TR1I459	24.321548613555052	2.2677462347438606	2.845305696541576	467.0	23.0	25.0
SB082817TAWCSCB32D10BR1TR1I460	25.62701966366739	2.698352479596899	3.0311887350376665	470.0	22.0	23.0
SB082817TAWCSCB33CD24BR1TR1I461	13.217004840235635	1.3089800291489428	1.4720639854347919	415.5	18.5	19.5
SB082817TAWCSCB33CD5BR1TR1I456	68.8806023841804	5.166703312344829	5.49119721117016	336.0	15.0	14.0
SB082817TAWCSCB42CD26BR1TR1I463	54.702170176699894	5.124081881274812	6.148077835283807	550.0	25.0	27.0
SB082817TAWCSCB43CD27BR1TR1I464	44.86736145846944	4.596190617292535	4.611392592061023	491.0	24.0	21.024999999999977
SB082817TAWCSCB44D31BR1TR1I465	70.3417973674504	6.4021544640511365	6.949829506435449	480.0	19.0	20.0
SB082817TAWCSCB44D5BR1TR1I455	65.28169225518798	5.76662829078635	6.512281251766154	485.0	19.0	20.0
SB082817TAWCSCB53D25BR1TR1I468	87.78891117594853	7.044069527226327	7.9171923907561705	527.0	22.024999999999977	19.0
SB082817TAWCSCB53D5BR1TR1I454	78.48093313247387	5.715310551112864	5.575238744444761	414.0	17.0	18.0
SB082817TAWCSCB54D25BR1TR1I470	31.382528149655236	3.141929194751249	3.8099548994116574	393.0	18.0	16.0
SB082817TAWCSCB54D25BR2TR1I480	99.64264302368582	8.759866356806597	9.28703972586213	576.0	21.0	24.024999999999977
SB082817TAWCSCB62D9BR1TR1I473	63.4145162743859	7.216010911318442	7.914467199722154	567.0	24.024999999999977	27.0
SB082817TAWCSCB62D9BR1TR1I482	120.39786423142232	10.830875354736719	10.560608733036503	679.0	30.0	26.0
SB082817TAWCSCB63D10BR1TR1I474	67.32602960381284	5.775806103522008	5.271220239083988	420.0	17.0	16.0
SB082817TAWCSCB63D10BR1TR1I483	100.72699953209211	8.369219885499874	8.846662315377841	635.0	26.0	27.0
SB082817TAWCSCB73D12BR1TR1I478	58.32146748764422	5.358416053128508	5.946148664430716	435.0	17.025000000000034	17.0
SB091817TAWCSCB31D13BR1TR1I493	74.34006221701117	7.012195485171333	7.128038738112622	420.0	19.0	17.0
SB091817TAWCSCB32D10BR1TR1I494	88.50323835051853	7.308952856369089	8.50206021026851	484.0	20.024999999999977	22.0
SB091817TAWCSCB33CD24BR1TR1I495	89.31423616346494	6.038645736603769	6.426403259950362	466.0	18.0	18.0
SB091817TAWCSCB33CD5BR1TR1I490	33.168954222202785	2.777373273533751	3.1467156343179994	356.0	18.025000000000034	18.0
SB091817TAWCSCB42CD26BR1TR1I497	87.45643201880031	7.678835787917336	7.70419090339459	621.0	28.0	30.0
SB091817TAWCSCB43CD27BR1TR1I498	72.40132703937756	6.2422431479775184	6.996436672277952	559.0	24.0	24.0
SB091817TAWCSCB44D31BR1TR1I499	113.02570277350483	8.624277810277775	9.912375313448777	593.5	23.5	24.524999999999977
SB091817TAWCSCB51D33BR1TR1I500	106.57989350605091	9.461091543207075	9.121664817702154	581.0	22.024999999999977	24.0
SB091817TAWCSCB53D25BR2TR1I503	107.6075777561202	9.819577668644598	10.63060045811524	622.0	23.0	23.0
SB091817TAWCSCB53D5BR1TR1I488	78.94668552198104	5.84481003456456	5.9830584157035815	467.0	23.0	21.0
SB091817TAWCSCB62D9BR1TR1I507	76.38548121177632	5.035103899499447	5.656451925957526	393.0	17.0	16.0
SB091817TAWCSCB63D10BR1TR1I518	124.15734048618727	9.37608762515687	10.525831386355819	587.0	21.0	22.0
SB091817TAWCSCB71D20BR1TR1I510	78.20424655501489	5.450997348737857	6.293528438328252	400.0	15.0	16.0
SB091817TAWCSCB71D20BR1TR1I520	150.06000170801676	14.032074147486895	15.030814178900272	756.0	30.0	27.0
SB091817TAWCSCB72D20BR1TR1I511	78.69627013915067	6.3283670234831675	6.902343002668829	440.0	18.0	19.0
SB091817TAWCSCB72D20BR1TR1I521	148.3519369940829	12.233029520071312	12.996918510953662	660.0	22.0	22.0
SB060117TAWCSCB33CD0BR2TR1I542	105.64719823483509	7.074606516745959	8.055747741255303	425.0	12.024999999999977	13.0
SB060117TAWCSCB33CD10BR2TR1I547	57.329469469369286	5.402497613263677	5.370986917835573	386.0	17.0	17.0
SB060117TAWCSCB33CD11BR1TR1I535	84.18869071724907	5.8594274588993045	6.0983913825004805	388.0	17.0	17.0
SB060117TAWCSCB33CD13BR1TR1I537	67.42936614085484	3.2587843411053257	3.611621857694189	226.0	6.0	6.0
SB060117TAWCSCB33CD14BR1TR1I538	67.15583971307859	3.5199603031099613	3.997910760667807	274.0	10.0	10.024999999999977
SB060117TAWCSCB33CD14BR2TR1I549	71.88239134212944	4.876146712704511	5.2880352468921785	430.0	23.0	22.0
SB060117TAWCSCB33CD15BR1TR1I539	80.28169936768484	5.074978846311197	5.283607828733537	377.0	18.0	17.0
SB060117TAWCSCB33CD19BR2TR1I553	85.88677288497846	6.39727591810265	6.933479582706255	517.0	22.0	21.0
SB060117TAWCSCB33CD1BR1TR1I525	74.34926651687155	6.0936756467126685	6.287130665267	422.0	20.025000000000034	19.0
SB060117TAWCSCB33CD21BR2TR1I554	62.63606272626156	2.8383364558108184	2.6387677963025595	202.0	4.0	4.0
SB060117TAWCSCB33CD2BR1TR1I526	41.6271904548054	2.583745307199983	2.4859020138467187	198.0	4.0	3.0
SB060117TAWCSCB33CD2BR2TR1I543	67.48444035131817	5.224621150442466	5.361934949390971	350.0	12.0	12.0
SB060117TAWCSCB33CD3BR1TR1I527	74.47284603971671	5.985338828123318	6.746117858972482	418.0	20.0	17.0
SB060117TAWCSCB33CD4BR1TR1I528	60.2819382028641	4.875274902649167	5.581758479319916	360.0	15.0	14.024999999999977
SB060117TAWCSCB33CD4BR2TR1I544	54.62055531013621	4.314965318990538	4.406527810492399	333.5	13.5	13.5
SB060117TAWCSCB33CD5BR1TR1I529	69.61321618930504	5.856149450327798	6.050710415827055	395.0	18.0	17.0
SB060117TAWCSCB33CD6BR1TR1I530	97.96585502248664	7.378535950426311	7.273820995282875	522.5	22.5	20.5
SB060117TAWCSCB33CD7BR1TR1I531	60.14024046771357	4.593928976809174	4.750640767866756	261.0	7.0	6.0
SB060117TAWCSCB33CD8BR1TR1I532	80.53296306867205	6.123865027880939	5.6092972533399745	368.0	15.024999999999977	16.0
SB060117TAWCSCB33CD8BR2TR1I546	63.624617737896976	5.686509036886413	6.3212949696416345	472.0	22.025000000000034	21.0
SB062716TAWCSCB33CD12BR2TR1I603	92.22168796177985	6.763230569887497	7.718188312507735	522.0	24.0	23.0
SB062716TAWCSCB33CD1BR1TR3I604	82.13332302483491	5.267618609596397	5.654049102118492	361.0	18.0	17.024999999999977
SB071116TAWCSCB22D11BR1TR1I144	53.172903744751885	4.597815949815583	4.67443816774049	393.0	18.025000000000034	18.024999999999977
SB071116TAWCSCB22D11BR2TR1I145	53.6953627130698	4.7468453369272225	4.956930691641389	399.0	20.0	21.0
SB071116TAWCSCB33CD24BR1TR1I148	63.956261878001	4.503803836737092	5.245003726527727	351.0	13.0	11.0
SB071116TAWCSCB43CD26BR1TR1I151	51.612982904562415	0.9658854278015596	1.1018729569227474	194.0	1.0	0.0
SB071116TAWCSCB44D30BR1TR1I152	50.50641566309544	4.422741810749578	4.921371112220669	457.0	23.0	24.0
SB071116TAWCSCB52D29BR1TR1I154	54.10439404963969	4.816453037847168	4.928262570362762	463.0	20.024999999999977	22.0
SB071116TAWCSCB53D25BR2TR1I156	82.01439760264888	6.443326204698522	6.356881441306143	591.0	28.0	28.0
SB071116TAWCSCB54D25BR1TR1I157	71.77983854151614	5.3020068979973445	5.409042518542819	480.0	21.0	25.0
SB071116TAWCSCB54D25BR2TR1I158	57.028159473417986	4.148437341294013	4.060169077627933	353.0	14.0	14.0
SB071116TAWCSCB63D10BR1TR1I163	85.76327023474371	5.918688481650619	6.108919531269692	480.0	21.024999999999977	24.0
SB071116TAWCSCB63D10BR2TR1I164	72.33212861980866	3.650585135774307	4.194232652923347	270.0	6.0	6.0
SB071116TAWCSCB64D10BR1TR1I165	76.88696609836683	4.899139517626338	4.8101231669921845	316.0	10.0	11.0
SB071116TAWCSCB72D20BR1TR1I169	87.26914282103962	4.646834042629607	4.523218541583461	267.0	6.0	4.0
SB071116TAWCSCB74D13BR2TR1I173	77.0843940543898	5.577521304786117	5.670136472570377	401.0	18.0	17.024999999999977
SB072516TAWCSCB33CD0BR1TR1I95	60.01920003465403	5.436383064753059	5.510538841710506	425.0	20.0	20.0
SB072516TAWCSCB33CD0BR2TR1I96	30.74528461990851	2.571895854443852	3.345783204754163	370.0	18.024999999999977	19.0
SB072516TAWCSCB33CD14BR1TR1I113	38.16554960472552	4.165866281469569	4.579883125783326	459.0	19.0	20.0
SB072516TAWCSCB33CD16BR1TR1I115	42.46591320947074	4.391573847806967	5.171968307436963	374.0	15.0	14.0
SB072516TAWCSCB33CD18BR1TR1I118	78.43035676095747	7.624342452320633	7.4670889837693295	573.0	25.024999999999977	26.024999999999977
SB072516TAWCSCB33CD20BR1TR1I121	85.7085851328074	7.595634985675318	8.29545866663645	560.0	23.02500000000009	25.0
SB072516TAWCSCB33CD20BR2TR1I120	89.97543310187334	7.852670251230407	7.870364731777158	571.0	24.02500000000009	26.0
SB072516TAWCSCB33CD4BR1TR1I102	39.223035336716535	3.7864424487491846	4.302763703545608	410.0	21.0	22.0
SB072516TAWCSCB33CD4BR2TR1I101	50.39816561625614	4.507387168209334	5.153662238862765	411.0	20.0	19.0
SB072516TAWCSCB33CD6BR2TR1I105	48.99625189040763	4.041770375603683	4.643543875013634	406.0	21.024999999999977	20.0
SB081216TAWCSCB22D11BR1TR1I176	46.9157861230272	3.7514911487894693	4.269270115772528	479.0	24.0	24.0
SB081216TAWCSCB22D11BR2TR1I175	35.40943779977465	2.6181370284401098	2.925838416565739	391.0	19.0	20.0
SB081216TAWCSCB31D13BR1TR1I177	68.368679556217	5.683657146258383	5.970586180636474	436.5	22.5	22.5
SB081216TAWCSCB32D10BR1TR1I180	71.048778096946	4.613881104072576	4.923922726054741	378.0	16.0	17.0
SB081216TAWCSCB33CD10BR1TR1I131	75.58413623467798	5.703408603595619	5.347185465172828	407.0	20.0	20.0
SB081216TAWCSCB33CD15BR1TR1I136	12.949666597600757	1.2755912645713714	1.407714285780635	451.0	22.0	24.0
SB081216TAWCSCB33CD16BR3TR1I139	13.315198790143455	1.2378201250125649	1.3935937777396799	426.0	21.0	22.0
SB081216TAWCSCB33CD24BR1TR1I181	68.44141923813042	7.254255162873918	7.562341437635936	629.0	27.024999999999977	27.024999999999977
SB081216TAWCSCB33CD2BR1TR1I127	67.98059329005447	4.212196290960861	4.25256309081648	340.0	17.0	16.0
SB081216TAWCSCB41CD31BR1TR1I182	87.13657781432924	6.429615905385887	6.672033853864107	480.0	19.0	19.0
SB081216TAWCSCB42CD26BR1TR1I183	87.8840021831302	6.123612022416552	6.778449223376867	544.0	24.0	25.0
SB081216TAWCSCB43CD26BR1TR1I184	102.69100343410418	7.273794118535676	8.424301200001537	528.0	22.0	24.0
SB081216TAWCSCB51D33BR1TR1I186	31.295830003505422	2.9238238586933107	3.527183978107523	439.0	21.025000000000034	21.0
SB081216TAWCSCB53D25BR2TR1I189	65.1400374890537	5.52155024370424	5.93475955511839	426.5	16.5	15.5
SB081216TAWCSCB54D25BR1TR1I190	78.03619333734383	6.496484580772247	6.469986282437333	462.0	19.0	19.0
SB081216TAWCSCB54D25BR2TR1I191	93.4882231426406	6.135323187863079	6.606314282592379	354.0	12.0	10.0
SB081216TAWCSCB61D11BR1TR1I192	61.90159393493665	1.7363023426909194	1.6889707168792043	201.0	2.0	0.0
SB081216TAWCSCB62D9BR1TR1I194	98.63537239829571	8.536619934736393	8.723478868388398	463.0	17.0	16.0
SB081216TAWCSCB62D9BR2TR1I195	85.2824852490318	4.0286077966386244	4.113491449892592	271.0	5.0	4.0
SB081216TAWCSCB63D11BR2TR1I196	112.57923429165061	8.890770273401287	9.173006521399614	617.0	26.024999999999977	27.0
SB081216TAWCSCB64D10BR2TR1I199	52.54253714669197	2.702342837175209	3.0855851356102875	214.0	4.0	3.0
SB081216TAWCSCB71D20BR2TR1I201	102.96338090704204	4.8607181415591185	4.669275943135986	283.0	5.0	4.0
SB081216TAWCSCB72D20BR2TR1I203	93.71489074896131	3.9034328895709507	4.17711732561024	260.0	6.0	4.0
SB081216TAWCSCB73D12BR1TR1I205	110.4163724358018	8.366575425664251	8.307732633085067	544.0	23.0	22.024999999999977
SB082916TAWCSCB31D13BR1TR2I212	77.60382073398765	4.708859466329216	5.385461218294736	362.0	13.0	13.0
SB082916TAWCSCB43CD26BR1TR1I219	37.63319985278433	3.641588288563902	4.06391400734978	393.0	16.0	17.0
SB082916TAWCSCB44D30BR1TR1I222	48.95816322647632	4.085291724819513	4.444230457574079	615.0	31.0	30.0
SB082916TAWCSCB52D29BR1TR1I224	47.5484063631049	4.280414089774517	4.53747808463531	517.0	25.0	24.024999999999977
SB082916TAWCSCB53D25BR1TR1I225	84.18396903236322	7.634256135714793	8.788065027704235	692.0	27.02500000000009	27.024999999999977
SB082916TAWCSCB53D25BR2TR1I226	67.69139051357486	4.431230579206314	4.953819293032552	322.0	7.0	7.0
SB082916TAWCSCB54D25BR2TR1I228	80.40067313655234	5.421551273603612	5.536050198210802	362.0	10.0	12.0
SB082916TAWCSCB61D11BR1TR1I230	74.3057139151293	4.914554461524361	4.996940634947137	332.0	10.0	11.0
SB082916TAWCSCB61D11BR2TR1I231	67.10330056401963	5.0135025889347204	5.857003072653313	407.0	15.024999999999977	17.0
SB082916TAWCSCB62D9BR1TR1I232	73.74593522914955	6.2274961401940345	7.097916417236448	551.0	26.024999999999977	24.0
SB082916TAWCSCB63D10BR3TR1I234	76.47174555780678	5.90393815866301	5.95848166131907	367.0	12.0	11.0
SB082916TAWCSCB64D10BR1TR1I236	113.56873898401187	9.564332448395533	11.055578365410597	623.0	27.0	28.0
SB082916TAWCSCB64D10BR2TR1I237	95.68535187754576	5.2377264543115984	5.478049819769183	318.0	9.0	7.0
SB082916TAWCSCB71D20BR2TR1I238	87.38599845573368	7.538977579933828	7.745069242924586	533.0	24.0	21.0
SB082916TAWCSCB72D20BR1TR1I241	110.35548801769343	6.5231571900468595	6.329914536294041	338.0	9.024999999999977	9.0
SB082916TAWCSCB74D13BR1TR1I246	64.89081122030194	4.6641621658595085	4.878367948752569	332.0	13.0	11.0
SB082916TAWCSCB74D13BR2TR1I614	74.45191156177806	4.8520099861200805	5.023661229162471	307.0	8.0	9.0
SB083016TAWCSCB41CD31BR1TR1I216	16.98681391435893	1.5443258792686763	1.7258483935523472	324.0	11.024999999999977	11.0
SB083116TAWCSCB22D11BR2TR1I210	64.93385491539593	4.368097007154574	4.921965680217085	429.0	19.0	18.024999999999977
SB062716TAWCSCB33CD0BR2TR1I78	1.5367802529838608	0.04078937600671417	0.04106599731456728	7.0	2.0	3.0
SB062716TAWCSCB33CD10BR1TR1I85	105.39374618124458	7.924141766093882	6.888630545063407	442.0	20.0	19.0
SB062716TAWCSCB33CD12BR1TR1I86	83.58315158377339	5.446348822092574	6.6692766072404055	426.0	19.0	21.0
SB062716TAWCSCB33CD14BR1TR1I88	81.30948451690585	5.5851509601451	6.692510872581934	354.0	16.0	14.0
SB062716TAWCSCB33CD16BR1TR1I89	66.71704895581976	5.788355615086736	6.531771812582221	366.0	16.0	17.0
SB062716TAWCSCB33CD18BR1TR1I90	61.20119761398139	4.596848349059371	5.0667625446951945	371.0	16.0	19.0
SB062716TAWCSCB33CD1BR1TR1I79	58.87121677878412	5.894755224918917	6.146269251857021	380.0	20.0	18.0
SB062716TAWCSCB33CD20BR1TR1I91	1.5251297528906371	0.040800569648979934	0.045545995879546775	15.0	3.0	2.0
SB062716TAWCSCB33CD21BR1TR1I92	73.52077623270722	5.108445173398479	5.666679519127058	397.0	18.0	19.0
SB062716TAWCSCB33CD2BR1TR1I81	97.13953966096896	6.173917146605163	5.858700367514814	407.0	18.0	20.0
SB062716TAWCSCB33CD4BR1TR1I82	81.17682996519568	6.830478756235152	6.731922153474272	367.0	16.0	18.0
SB062716TAWCSCB33CD6BR1TR1I83	73.54599290358033	5.751058207440181	5.961082705101489	365.5	16.524999999999977	15.5
SB062716TAWCSCB33CD8BR1TR1I84	94.99300141286568	6.649548866718703	6.3530013379001815	411.0	19.0	19.0
SB062716TAWCSCB33CDEBBR1TR1I94	86.16533684863678	5.433017700652613	5.685395154040592	396.0	18.025000000000034	20.0
SB061815TAWCSCB33CD0BR1TR1I3	7.471454043773081	0.574425973988637	0.5424268953659208	325.0	20.024999999999977	19.049999999999955
SB061815TAWCSCB33CD10BR1TR1I13	40.3619443286679	3.0979194561937504	3.3509266026281495	291.0	14.0	14.0
SB061815TAWCSCB33CD11BR1TR1I15	41.40594930252585	2.1249451284274556	2.359698997191721	207.0	8.0	9.0
SB061815TAWCSCB33CD13BR1TR1I17	67.30640647390797	8.493299569029347	9.222361513471327	963.0	28.0	29.0
SB061815TAWCSCB33CD14BR1TR1I18	86.85254552718479	9.395161266876457	10.097106435096947	806.0	22.024999999999977	23.0
SB061815TAWCSCB33CD17BR1TR1I21	44.8722789439834	2.7040818861443228	2.9465323492802185	260.0	13.0	11.0
SB061815TAWCSCB33CD18BR1TR1I22	56.79582910178947	2.798727781376428	2.794232886561254	223.0	8.0	7.0
SB061815TAWCSCB33CD1BR1TR1I4	106.74917694332086	11.350665869690587	12.73493006462624	788.0	19.0	21.024999999999977
SB061815TAWCSCB33CD2BR1TR1I5	78.89066912717102	11.278683494625028	12.479915512846247	1023.0	33.0	30.0
SB061815TAWCSCB33CD3BR1TR1I6	4.047762788448734	0.15225646774648016	0.1662109744380169	25.0	3.0	2.0
SB061815TAWCSCB33CD4BR1TR1I7	26.33749508504974	2.385717826832554	3.0573199668162125	274.0	13.0	12.0
SB061815TAWCSCB33CD6BR1TR1I9	88.57897416080053	8.896067938983478	10.321775551722894	657.0	16.0	17.0
SB061815TAWCSCB33CD7BR1TR1I10	21.00667276247365	2.340439696984536	2.6944293713101786	891.0	32.0	30.0
SB061815TAWCSCB33CD8BR1TR1I11	8.684375388256363	0.6089134502651792	0.6344778519718197	333.0	19.025000000000034	20.0
SB061815TAWCSCB33CDEBBR1TR1I23	58.24715914826639	3.288837057962539	3.5559888851224173	307.0	14.0	14.0
SB072215TAWCSCB33CD0BR1TR1I27	65.63040453796451	7.802820124220794	8.429977932458854	905.0	28.0	28.0
SB072215TAWCSCB33CD10BR1TR1I37	56.736075849686586	3.1178359876057655	3.3308608334369225	301.0	14.0	14.0
SB072215TAWCSCB33CD10BR2TR1I38	48.09793156486491	2.856318868223454	3.0886408097093963	268.0	12.0	12.0
SB072215TAWCSCB33CD11BR1TR1I39	44.78480817524057	2.82826658453461	3.032871959053729	260.0	12.0	12.0
SB072215TAWCSCB33CD12BR1TR1I40	11.142524354389941	0.6040689333845322	0.5973201941380424	66.0	6.0	5.0
SB072215TAWCSCB33CD13BR1TR1I41	8.494945127182575	0.46873235438432204	0.48414074613496183	69.0	6.0	5.0
SB072215TAWCSCB33CD14BR1TR1I42	12.383178732081157	0.6827800667584807	0.6640003148244826	62.0	3.0	3.0
SB072215TAWCSCB33CD15BR1TR1I43	1.8419681134010388	0.059176520175366676	0.06190437178615804	48.0	4.0	2.0
SB072215TAWCSCB33CD18BR1TR1I44	7.919034362907154	0.44296094191242297	0.4561378000681353	78.0	5.025000000000006	5.0
SB072215TAWCSCB33CD20BR1TR1I45	10.209681639131379	0.5679000687413573	0.5698865868438485	81.0	7.0	5.0
SB072215TAWCSCB33CD22BR1TR1I46	1.7606947138692075	0.0602163273358185	0.0585402398977537	41.0	4.0	3.0
SB072215TAWCSCB33CD2BR1TR1I29	60.10171122120979	3.5531799660202736	3.820209801709396	304.0	14.0	15.0
SB072215TAWCSCB33CD3BR1TR1I30	54.24060258983798	3.169773996735316	3.2754980020661506	276.0	12.024999999999977	13.0
SB072215TAWCSCB33CD4BR1TR1I31	61.551716834937245	4.026648559208461	4.19437249615229	308.0	14.0	15.0
SB072215TAWCSCB33CD6BR1TR1I33	485.8391864918811	31.990019972464836	28.71595060003557	962.0	24.0	21.0
SB072215TAWCSCB33CD7BR1TR1I34	132.58547769785883	15.053019242160076	18.476808102853056	1032.0	29.024999999999977	30.0
SB072215TAWCSCB33CD9BR1TR1I36	501.2523577444204	40.94522892960612	39.422916130157944	1130.0	30.0	33.02500000000009
SB072215TAWCSCB33CDEBBR1TR1I47	2.0076970633187976	0.07263023668573121	0.07279066212076168	23.0	4.0	4.0
SB082015TAWCSCB33CD0BR1TR1I51	1.8630327671641385	0.03512571136680909	0.03475184395708664	5.0	0.0	0.0
SB082015TAWCSCB33CD10BR1TR1I61	48.39282221717142	3.4696333163635913	3.6992539125879986	321.0	16.0	16.0
SB082015TAWCSCB33CD10BR2TR1I62	28.96295214315273	2.7465317685255535	2.889191964218025	242.0	11.0	9.0
SB082015TAWCSCB33CD11BR1TR1I63	61.049769860153596	3.7004584055151355	4.1662355046048205	327.0	16.025000000000034	16.024999999999977
SB082015TAWCSCB33CD12BR1TR1I64	41.95061993516047	3.4630085299641706	3.7157582019913704	305.0	13.0	13.0
SB082015TAWCSCB33CD13BR1TR1I65	41.87162820246572	3.4038741713573586	3.7400401503873226	320.0	14.0	14.0
SB082015TAWCSCB33CD14BR1TR1I66	33.89244063193915	2.6809566734068753	2.941324444985966	288.0	12.0	13.0
SB082015TAWCSCB33CD15BR1TR1I67	30.480461513866135	2.466007848576883	2.386345677079948	257.0	10.0	11.0
SB082015TAWCSCB33CD16BR1TR1I68	38.18723454062744	3.139436391693394	3.1395310445621263	373.0	17.0	18.024999999999977
SB082015TAWCSCB33CD17BR1TR1I69	33.213969354380886	2.6514503077059786	2.572385134206854	329.0	16.0	16.0
SB082015TAWCSCB33CD18BR1TR1I70	37.27741998500561	2.798400139355401	2.978135847999411	337.0	19.0	17.0
SB082015TAWCSCB33CD19BR1TR1I71	40.23913383444398	2.5281036314942824	2.755258782438915	319.0	17.024999999999977	18.0
SB082015TAWCSCB33CD1BR1TR1I52	69.36497197804314	9.94354035271855	10.930865552129035	1208.0	36.0	42.0
SB082015TAWCSCB33CD20BR1TR1I74	12.030699256797778	1.114819279793231	1.1614799658047588	339.0	18.0	16.0
SB082015TAWCSCB33CD3BR1TR1I54	53.91814097481815	3.05022708721895	3.0232846934518918	287.0	14.0	14.0
SB082015TAWCSCB33CD4BR1TR1I55	28.82353827078304	2.506261682939911	2.998134505195072	236.0	10.0	9.0
SB082015TAWCSCB33CD7BR1TR1I58	176.49135938049503	21.22484915109996	24.512355588528607	1076.0	29.0	27.0
SB082015TAWCSCB33CD8BR1TR1I59	113.93655653070797	14.979823587583155	18.362996345509856	1012.0	30.024999999999977	31.0
SB082015TAWCSCB33CD9BR1TR1I60	2.493248767946605	0.08038118175060083	0.07995073839567102	73.0	3.0	2.0
SB082015TAWCSCB33CDEBBR1TR1I76	21.891797849033274	2.249275628271807	2.560870884326267	393.0	21.0	21.0
SB061517TAWCSCB33CD14BR1TR1I567	51.329114453820004	4.110599546783256	4.229806649977739	312.0	12.0	14.0
SB061517TAWCSCB33CD8BR1TR1I564	73.64402154321249	4.652581282175618	5.083307533261959	489.0	24.0	22.0
SB062617TAWCSCB31D13BR1TR1I357	34.796118755488195	3.5114640660957512	4.06051292131346	611.0	29.024999999999977	27.0
SB062617TAWCSCB43CD27BR1TR1I362	91.42034496508353	6.11665526626156	7.385406838566212	473.0	18.025000000000034	19.0
SB062617TAWCSCB44D31BR1TR1I363	76.03208975477165	6.016657217548897	6.507605785393537	479.0	20.0	20.0
SB062617TAWCSCB53D25BR1TR1I366	60.14224866075254	4.444511702100904	4.75557983917281	460.0	21.0	23.0
SB071017TAWCSCB32D10BR1TR1I392	81.67671226094409	5.227200031173595	5.514616111041448	451.0	20.0	23.0
SB071017TAWCSCB53D25BR2TR1I401	62.94249732590988	5.451877680981383	6.034674572455728	546.0	24.0	24.0
SB071116TAWCSCB62D9BR1TR1I161	59.956467322197746	2.7017317754377217	3.017826575802353	208.0	4.0	3.0
SB071116TAWCSCB62D9BR2TR1I162	79.10409311106554	5.50487747711243	5.462592266568407	397.0	19.0	16.0
SB071116TAWCSCB71D20BR1TR1I167	43.79307008055464	3.9707757399543127	3.8988981213612206	353.0	15.0	15.0
SB071116TAWCSCB71D20BR2TR1I168	61.25614536429797	5.560854100660187	6.063946421897576	435.0	17.0	16.0
SB071717TAWCSCB33CD10BR1TR1I580	23.421654757014558	2.7763243361155574	3.069831132903392	509.0	24.0	25.0
SB071717TAWCSCB33CD12BR1TR1I581	33.1099345604277	3.9943296835381297	4.303589349483026	499.0	23.0	22.0
SB071717TAWCSCB33CD14BR1TR1I582	39.824891885093265	4.011202603065101	4.3356711931217475	364.0	13.0	13.0
SB071717TAWCSCB33CD6BR1TR1I578	35.8017470056475	3.717884705616015	4.101481518004327	550.0	27.024999999999977	27.024999999999977
SB080717TAWCSCB22D11BR1TR1I423	40.39489405565873	3.30949089712432	3.5693302341750055	423.0	22.0	22.0
SB080717TAWCSCB32D10BR1TR1I426	75.24124658555269	5.128490609993449	5.315089927303632	433.0	20.0	21.0
SB080717TAWCSCB33CD24BR1TR1I427	64.29092262024136	6.425423927388529	7.082521140097953	642.0	30.024999999999977	29.0
SB080717TAWCSCB54D25BR2TR1I437	52.053897746592526	2.9829624850277554	3.044819312723483	243.0	9.0	7.0
SB080717TAWCSCB62D9BR1TR1I448	57.387188358916376	4.443606687802998	5.577215915583999	416.0	19.0	19.0
SB080717TAWCSCB71D20BR1TR1I451	72.01632083725968	5.615343728106922	6.014903534755135	524.0	22.0	23.0
SB080717TAWCSCB72D20BR1TR1I443	58.776699475171	4.225653935292492	4.9298082779775285	394.0	17.0	17.0
SB080717TAWCSCB73D12BR1TR1I453	92.01721618832568	7.668657920763621	8.501237288809136	478.0	21.0	21.0
SB081216TAWCSCB72D20BR1TR1I204	58.8246922241364	4.2114061988280085	4.637560451438148	393.0	19.0	19.0
SB081417TAWCSCB33CD10BR1TR1I593	32.37286316844428	3.8568964768526577	4.401584945796223	523.0	22.0	25.0
SB081417TAWCSCB33CD20BR1TR1I598	40.28773567755052	4.3235686637413835	4.817188665229999	740.0	29.0	30.0
SB081417TAWCSCB33CD2BR1TR1I589	55.568930517248816	4.388975818894664	4.486770710170454	379.0	21.0	20.024999999999977
SB081417TAWCSCB33CD6BR1TR1I591	96.56667239642549	6.615143044374108	7.126561231428283	442.0	21.0	19.024999999999977
SB081417TAWCSCB33CD8BR1TR1I592	103.63637515756723	7.583912754259657	7.5638575134306905	515.0	25.0	23.0
SB082817TAWCSCB22D11BR2TR1I458	66.14229491181435	4.728816734698022	5.098866111552297	489.0	22.0	22.0
SB082817TAWCSCB51D33BR1TR1I466	41.02606611148951	3.1903826649595928	3.200301588149138	461.0	23.0	21.0
SB091817TAWCSCB22D11BR2TR1I492	89.34968092311081	7.864691144357579	8.99272709953786	623.0	24.0	27.024999999999977
SB091817TAWCSCB44D5BR1TR1I489	53.98439747712911	4.3501045150184865	4.701338251827288	369.0	16.024999999999977	19.0
SB091817TAWCSCB54D25BR2TR1I505	38.57207530523684	2.7556987278026526	2.8670926178423315	243.0	8.0	7.0
SB091817TAWCSCB62D9BR1TR1I517	100.02888969100124	8.922060790249517	10.568979013473339	717.0	29.0	28.024999999999977
SB091817TAWCSCB63D10BR1TR1I508	77.51631968844558	5.062978189458548	5.234629978706096	457.0	23.025000000000034	22.0
SB091817TAWCSCB73D12BR1TR1I522	111.53633213368062	9.485328790002256	10.435546428052376	679.0	26.0	28.0
