Samples	StationName	depth_float	Latitude	Longitude	RawCount	TrimCount	CollectionAgency	sequencing_ID	Month	Year	Month_Year	julian_day	day_length	anti_day_length	julian_seconds	Depth_Percentage	Discharge_James_14	Discharge_Susquehanna_14	enspie	faith_pd	WTEMP	SALINITY	DO	PH
SB072215TAWCSCB33CD0BR1TR1I27	CB33C	0.0	38.996616	-76.358887	254796.0	59350.0	Preheim	spr12	07	15	07 15	214	0.8565509959010037	0.5160623910158526	32820	0.0	70242.29166666667	643638.6111111112	31.95827257080069	14.266295000000001	26.84	4.86	8.1	8.36
SB072215TAWCSCB33CD2BR1TR1I29	CB33C	2.0	38.996601	-76.35878	215775.0	55753.0	Preheim	spr12	07	15	07 15	214	0.8565509959010037	0.5160623910158526	34165	0.07891491985203453	70242.29166666667	643638.6111111112	52.45684591892354	33.4467625	27.076	5.96	7.18	8.25
SB072215TAWCSCB33CD3BR1TR1I30	CB33C	3.0	38.996552	-76.358704	223624.0	44663.0	Preheim	spr12	07	15	07 15	214	0.8565509959010037	0.5160623910158526	34823	0.11837237977805179	70242.29166666667	643638.6111111112	48.3881459826666	32.621803	27.057	6.72	6.47	8.1
SB072215TAWCSCB33CD4BR1TR1I31	CB33C	4.0	38.996449	-76.358398	167871.0	53555.0	Preheim	spr12	07	15	07 15	214	0.8565509959010037	0.5160623910158526	35805	0.15782983970406905	70242.29166666667	643638.6111111112	53.26851461948536	33.841666499999995	26.882	6.67	6.86	8.2
SB072215TAWCSCB33CD6BR1TR1I33	CB33C	6.0	38.996384	-76.358269	195209.0	59982.0	Preheim	spr12	07	15	07 15	214	0.8565509959010037	0.5160623910158526	37329	0.23674475955610358	70242.29166666667	643638.6111111112	38.94773279340997	11.312599	25.884	10.1	3.15	7.5
SB072215TAWCSCB33CD7BR1TR1I34	CB33C	7.0	38.996384	-76.358253	226595.0	69605.0	Preheim	spr12	07	15	07 15	214	0.8565509959010037	0.5160623910158526	38224	0.2762022194821208	70242.29166666667	643638.6111111112	25.717911157165858	9.461247	25.344	11.72	1.4	7.27
SB072215TAWCSCB33CD9BR1TR1I36	CB33C	9.0	38.996319	-76.358353	518545.0	151122.0	Preheim	spr12	07	15	07 15	214	0.8565509959010037	0.5160623910158526	39465	0.35511713933415534	70242.29166666667	643638.6111111112	39.736156899633045	13.753313	24.66	13.71	0.14	7.18
SB072215TAWCSCB33CD10BR1TR1I37	CB33C	10.0	38.996334	-76.358368	386591.0	60610.0	Preheim	spr12	07	15	07 15	214	0.8565509959010037	0.5160623910158526	40150	0.39457459926017263	70242.29166666667	643638.6111111112	51.29286425253632	33.577746999999995	24.418	14.48	-0.02	7.19
SB072215TAWCSCB33CD11BR1TR1I39	CB33C	11.0	38.996349	-76.358437	232556.0	36075.0	Preheim	spr12	07	15	07 15	214	0.8565509959010037	0.5160623910158526	44384	0.43403205918618987	70242.29166666667	643638.6111111112	42.69036328279179	31.9876945	24.255	16.03	-0.03	7.24
SB072215TAWCSCB33CD12BR1TR1I40	CB33C	12.0	38.996334	-76.358498	145922.0	49867.0	Preheim	spr12	07	15	07 15	214	0.8565509959010037	0.5160623910158526	40868	0.47348951911220716	70242.29166666667	643638.6111111112	9.617447316869088	9.9342	24.024	16.35	-0.03	7.23
SB072215TAWCSCB33CD13BR1TR1I41	CB33C	13.0	38.996319	-76.358521	81124.0	26053.0	Preheim	spr12	07	15	07 15	214	0.8565509959010037	0.5160623910158526	43691	0.5129469790382244	70242.29166666667	643638.6111111112	9.327105319796164	9.715637	24.096	16.71	-0.03	7.25
SB072215TAWCSCB33CD18BR1TR1I44	CB33C	18.0	38.9963	-76.358452	63383.0	19086.0	Preheim	spr12	07	15	07 15	214	0.8565509959010037	0.5160623910158526	41764	0.7102342786683107	70242.29166666667	643638.6111111112	9.07109596904706	12.904216	23.79	18.1	-0.03	7.24
SB072215TAWCSCB33CD20BR1TR1I45	CB33C	20.0	38.996449	-76.358467	106413.0	26152.0	Preheim	spr12	07	15	07 15	214	0.8565509959010037	0.5160623910158526	42352	0.7891491985203453	70242.29166666667	643638.6111111112	11.230533931028322	10.823057499999999	23.739	18.4	-0.03	7.25
SB082015TAWCSCB33CD1BR1TR1I52	CB33C	1.0	39.000233	-76.360085	691822.0	189989.0	Preheim	spr12	08	15	08 15	243	0.5049610547215202	0.8631421280499115	29580	0.03945745992601726	27821.875	133004.37500000003	39.80852043165851	17.752263	26.943	11.68	6.11	7.95
SB082015TAWCSCB33CD3BR1TR1I54	CB33C	3.0	39.000233	-76.360085	360673.0	62330.0	Preheim	spr12	08	15	08 15	243	0.5049610547215202	0.8631421280499115	30660	0.11837237977805179	27821.875	133004.37500000003	48.48739918698487	32.153363	26.968	11.72	6.14	7.96
SB082015TAWCSCB33CD4BR1TR1I55	CB33C	4.0	39.000233	-76.360085	247043.0	20165.0	Preheim	spr12	08	15	08 15	243	0.5049610547215202	0.8631421280499115	31020	0.15782983970406905	27821.875	133004.37500000003	24.454627741973788	30.4596525	26.972	11.74	6.08	7.96
SB082015TAWCSCB33CD7BR1TR1I58	CB33C	7.0	39.000233	-76.360085	240149.0	73487.0	Preheim	spr12	08	15	08 15	243	0.5049610547215202	0.8631421280499115	32100	0.2762022194821208	27821.875	133004.37500000003	22.47191260757497	11.049895	26.929	12.04	5.61	7.89
SB082015TAWCSCB33CD8BR1TR1I59	CB33C	8.0	39.000233	-76.360085	272597.0	60856.0	Preheim	spr12	08	15	08 15	243	0.5049610547215202	0.8631421280499115	32400	0.3156596794081381	27821.875	133004.37500000003	13.37080752313249	7.451348000000001	26.901	12.05	5.32	7.85
SB082015TAWCSCB33CD9BR1TR1I60	CB33C	9.0	39.000233	-76.360085	433023.0	7109.0	Preheim	spr12	08	15	08 15	243	0.5049610547215202	0.8631421280499115	32700	0.35511713933415534	27821.875	133004.37500000003	15.428420441778552	9.672377000000001	26.877	12.07	5.12	7.81
SB082015TAWCSCB33CD10BR1TR1I61	CB33C	10.0	39.000233	-76.360085	312336.0	75229.0	Preheim	spr12	08	15	08 15	243	0.5049610547215202	0.8631421280499115	33000	0.39457459926017263	27821.875	133004.37500000003	41.791972476267894	34.2918195	26.737	12.16	3.62	7.59
SB082015TAWCSCB33CD11BR1TR1I63	CB33C	11.0	39.000233	-76.360085	386049.0	76669.0	Preheim	spr12	08	15	08 15	243	0.5049610547215202	0.8631421280499115	33420	0.43403205918618987	27821.875	133004.37500000003	52.31545608441037	34.925613500000004	26.625	12.84	3.02	7.52
SB082015TAWCSCB33CD12BR1TR1I64	CB33C	12.0	39.000233	-76.360085	129569.0	43724.0	Preheim	spr12	08	15	08 15	243	0.5049610547215202	0.8631421280499115	33780	0.47348951911220716	27821.875	133004.37500000003	30.61391592790093	32.696595	26.642	14.28	1.58	7.37
SB082015TAWCSCB33CD13BR1TR1I65	CB33C	13.0	39.000233	-76.360085	146277.0	52909.0	Preheim	spr12	08	15	08 15	243	0.5049610547215202	0.8631421280499115	34080	0.5129469790382244	27821.875	133004.37500000003	29.817246664456395	33.555798	26.43	15.18	0.99	7.33
SB082015TAWCSCB33CD14BR1TR1I66	CB33C	14.0	39.000233	-76.360085	112097.0	37883.0	Preheim	spr12	08	15	08 15	243	0.5049610547215202	0.8631421280499115	34380	0.5524044389642416	27821.875	133004.37500000003	25.375451501934553	33.494033	26.351	17.26	0.03	7.35
SB082015TAWCSCB33CD15BR1TR1I67	CB33C	15.0	39.000233	-76.360085	68586.0	23215.0	Preheim	spr12	08	15	08 15	243	0.5049610547215202	0.8631421280499115	34620	0.591861898890259	27821.875	133004.37500000003	23.768196205345326	33.7510465	26.303	18.11	0.01	7.36
SB082015TAWCSCB33CD16BR1TR1I68	CB33C	16.0	39.000233	-76.360085	409045.0	147584.0	Preheim	spr12	08	15	08 15	243	0.5049610547215202	0.8631421280499115	34860	0.6313193588162762	27821.875	133004.37500000003	29.841452167712546	39.235217	26.309	18.14	0.01	7.37
SB082015TAWCSCB33CD17BR1TR1I69	CB33C	17.0	39.000233	-76.360085	302047.0	97562.0	Preheim	spr12	08	15	08 15	243	0.5049610547215202	0.8631421280499115	35100	0.6707768187422934	27821.875	133004.37500000003	26.53670737267493	37.9323335	26.331	19.19	0.0	7.37
SB082015TAWCSCB33CD18BR1TR1I70	CB33C	18.0	39.000233	-76.360085	353847.0	135285.0	Preheim	spr12	08	15	08 15	243	0.5049610547215202	0.8631421280499115	35340	0.7102342786683107	27821.875	133004.37500000003	31.095492786109318	40.8149685	26.34	19.67	0.0	7.37
SB082015TAWCSCB33CD19BR1TR1I71	CB33C	19.0	39.000233	-76.360085	230025.0	87093.0	Preheim	spr12	08	15	08 15	243	0.5049610547215202	0.8631421280499115	35580	0.749691738594328	27821.875	133004.37500000003	34.02188468963553	39.7734005	26.351	19.84	0.0	7.37
SB082015TAWCSCB33CD20BR1TR1I74	CB33C	20.0	39.000233	-76.360085	160268.0	70542.0	Preheim	spr12	08	15	08 15	243	0.5049610547215202	0.8631421280499115	35760	0.7891491985203453	27821.875	133004.37500000003	10.62439383579102	45.986583	26.351	19.89	0.0	7.37
SB062716TAWCSCB33CD1BR2TR1I80	CB33C	1.0	38.99738333333333	-76.35888333333334	353676.0	119015.0	Preheim	e_13	06	16	06 16	555	0.9916773198992899	0.12874817745258174	33180	0.03945745992601726	106503.58333333333	147550.83333333334	66.02446948930393	35.0228905	24.292	11.1	8.55	8.08
SB062716TAWCSCB33CD2BR1TR1I81	CB33C	2.0	38.99738333333333	-76.35888333333334	356225.0	202016.0	Preheim	Miseq_sp	06	16	06 16	555	0.9916773198992899	0.12874817745258174	33720	0.07891491985203453	106503.58333333333	147550.83333333334	86.99937209799675	43.1255825	24.06	11.55	6.98	7.79
SB062716TAWCSCB33CD4BR1TR1I82	CB33C	4.0	38.99738333333333	-76.35888333333334	330664.0	206463.0	Preheim	Miseq_sp	06	16	06 16	555	0.9916773198992899	0.12874817745258174	34260	0.15782983970406905	106503.58333333333	147550.83333333334	67.20144067610633	36.419059999999995	23.778	11.76	6.27	7.66
SB062716TAWCSCB33CD6BR1TR1I83	CB33C	6.0	38.99738333333333	-76.35888333333334	420653.0	170255.0	Preheim	Miseq_sp	06	16	06 16	555	0.9916773198992899	0.12874817745258174	34920	0.23674475955610358	106503.58333333333	147550.83333333334	62.71020740267106	36.6501055	23.387	12.59	4.55	7.39
SB062716TAWCSCB33CD8BR1TR1I84	CB33C	8.0	38.99738333333333	-76.35888333333334	320633.0	162022.0	Preheim	Miseq_sp	06	16	06 16	555	0.9916773198992899	0.12874817745258174	35520	0.3156596794081381	106503.58333333333	147550.83333333334	88.39824584882723	42.42807	22.5	13.64	3.25	7.26
SB062716TAWCSCB33CD10BR1TR1I85	CB33C	10.0	38.99738333333333	-76.35888333333334	513615.0	179160.0	Preheim	Miseq_sp	06	16	06 16	555	0.9916773198992899	0.12874817745258174	36300	0.39457459926017263	106503.58333333333	147550.83333333334	94.31263303374428	44.5855025	20.724	15.57	1.08	7.14
SB062716TAWCSCB33CD12BR2TR1I87	CB33C	12.0	38.99738333333333	-76.35888333333334	506595.0	175225.0	Preheim	e_13	06	16	06 16	555	0.9916773198992899	0.12874817745258174	36900	0.47348951911220716	106503.58333333333	147550.83333333334	79.63992303990503	45.665344	20.364	16.04	0.74	7.13
SB062716TAWCSCB33CD14BR1TR1I88	CB33C	14.0	38.99738333333333	-76.35888333333334	431302.0	183867.0	Preheim	Miseq_sp	06	16	06 16	555	0.9916773198992899	0.12874817745258174	37500	0.5524044389642416	106503.58333333333	147550.83333333334	67.66088788762275	34.523509000000004	20.37	16.07	0.75	7.13
SB062716TAWCSCB33CD16BR1TR1I89	CB33C	16.0	38.99738333333333	-76.35888333333334	332122.0	209328.0	Preheim	Miseq_sp	06	16	06 16	555	0.9916773198992899	0.12874817745258174	38700	0.6313193588162762	106503.58333333333	147550.83333333334	55.67439202716073	37.334769	20.209	16.17	0.61	7.12
SB062716TAWCSCB33CD18BR1TR1I90	CB33C	18.0	38.99738333333333	-76.35888333333334	351581.0	203242.0	Preheim	Miseq_sp	06	16	06 16	555	0.9916773198992899	0.12874817745258174	39180	0.7102342786683107	106503.58333333333	147550.83333333334	58.54442417407606	38.374855	20.139	16.23	0.57	7.12
SB062716TAWCSCB33CD21BR1TR1I92	CB33C	21.0	38.99738333333333	-76.35888333333334	345232.0	212929.0	Preheim	Miseq_sp	06	16	06 16	555	0.9916773198992899	0.12874817745258174	39960	0.8286066584463625	106503.58333333333	147550.83333333334	60.610155342532074	41.492390500000006	19.966	16.49	0.43	7.12
SB071116TAWCSCB22D11BR2TR2I616	CB22	11.0	39.348730000000025	-76.17579	474386.0	158534.0	DNR	e_13	07	16	07 16	571	0.9192859697186107	0.39359027665646623	36720	0.9124423963133641	95901.35416666667	93274.58333333333	39.20869072924971	38.5287905	26.8	6.43	5.3	7.2
SB072516TAWCSCB33CD0BR1TR2I620	CB33C	0.0	38.99791873385773	-76.35911608868915	573747.0	189418.0	Preheim	e_13	07	16	07 16	583	0.8190148866680798	0.5737722679043249	34140	0.0	51304.16666666667	77681.45833333333	38.784212496835934	41.2717415	28.441	12.26	7.16	7.88
SB072516TAWCSCB33CD0BR2TR1I96	CB33C	2.0	38.99791873385773	-76.35911608868915	430566.0	189782.0	Preheim	KM	07	16	07 16	583	0.8190148866680798	0.5737722679043249	34560	0.07891491985203453	51304.16666666667	77681.45833333333	26.743102451546626	41.25342600000001	28.22	13.2	7.11	7.94
SB072516TAWCSCB33CD4BR1TR1I102	CB33C	4.0	38.99791873385773	-76.35911608868915	1136004.0	516240.0	Preheim	KM	07	16	07 16	583	0.8190148866680798	0.5737722679043249	35100	0.15782983970406905	51304.16666666667	77681.45833333333	33.91772286092966	43.0342435	27.858	13.5	6.16	7.79
SB072516TAWCSCB33CD6BR1TR1I104	CB33C	6.0	38.99791873385773	-76.35911608868915	500897.0	177273.0	Preheim	e_13	07	16	07 16	583	0.8190148866680798	0.5737722679043249	35880	0.23674475955610358	51304.16666666667	77681.45833333333	18.25915802529707	39.545995	27.942	14.07	5.08	7.62
SB072516TAWCSCB33CD8BR1TR1I107	CB33C	8.0	38.99791873385773	-76.35911608868915	388909.0	130071.0	Preheim	e_13	07	16	07 16	583	0.8190148866680798	0.5737722679043249	36360	0.3156596794081381	51304.16666666667	77681.45833333333	44.339204259022615	45.576391	26.26	15.63	1.29	7.16
SB071116TAWCSCB33CD24BR1TR2I611	CB33C	24.0	38.995959999999975	-76.35966999999995	429606.0	152147.0	DNR	e_13	07	16	07 16	570	0.9259247771938499	0.3777079652039648	55200	0.9469790382244143	104497.91666666666	95166.875	69.4034594208686	46.648208000000004	22.6	18.21	0.36	7.2
SB071116TAWCSCB43CD26BR1TR1I151	CB43C	27.0	38.55505000000002	-76.42794000000002	8064.0	3774.0	DNR	KM	07	16	07 16	570	0.9259247771938499	0.3777079652039648	36720	0.9801980198019802	104497.91666666666	95166.875	47.414729120647756	36.922038	23.2	19.94	0.74	7.3
SB071116TAWCSCB44D30BR1TR1I152	CB44	31.0	38.41457000000001	-76.34564999999998	425417.0	191915.0	DNR	KM	07	16	07 16	569	0.9322892131745139	0.3617137307297663	56700	0.9647302904564315	113796.77083333333	96602.29166666667	42.99324776613344	47.781946999999995	22.9	20.36	0.6	7.3
SB071116TAWCSCB51D33BR1TR1I153	CB51	33.0	38.318700000000014	-76.29215	499339.0	177329.0	DNR	e_13	07	16	07 16	569	0.9322892131745139	0.3617137307297663	53340	0.9580645161290323	113796.77083333333	96602.29166666667	33.45071096738495	44.683372	22.8	20.85	0.5	7.3
SB071116TAWCSCB52D29BR1TR2I619	CB52	29.0	38.137050000000016	-76.22786999999995	499592.0	176422.0	DNR	e_13	07	16	07 16	569	0.9322892131745139	0.3617137307297663	48840	0.943089430894309	113796.77083333333	96602.29166666667	61.35171384281986	46.59091	24.4	20.22	3.2	7.6
SB071116TAWCSCB53D25BR2TR2I615	CB53	25.0	37.91011000000001	-76.17137000000002	376934.0	121417.0	DNR	e_13	07	16	07 16	569	0.9322892131745139	0.3617137307297663	44040	0.9395973154362416	113796.77083333333	96602.29166666667	69.79045561981087	46.43868300000001	24.8	21.97	4.1	7.7
SB071116TAWCSCB54D25BR1TR1I157	CB54	25.0	37.80013	-76.17466	411234.0	183903.0	ODU	KM	07	16	07 16	570	0.9259247771938499	0.3777079652039648	34260	0.7797270955165692	104497.91666666666	95166.875	62.02522774066897	45.7851255	24.971999999999998	22.92	3.25	7.65
SB071116TAWCSCB71D20BR1TR1I167	CB71	16.0	37.683459999999975	-75.98965999999999	65927.0	34387.0	ODU	spr14	07	16	07 16	570	0.9259247771938499	0.3777079652039648	49620	0.8888888888888888	104497.91666666666	95166.875	39.21023028768143	41.161412	25.639	23.03	3.78	7.7
SB071116TAWCSCB62D9BR1TR1I161	CB62	9.0	37.48680000000001	-76.15633000000003	14964.0	6934.0	ODU	spr14	07	16	07 16	569	0.9322892131745139	0.3617137307297663	52920	0.8780487804878049	113796.77083333333	96602.29166666667	55.45772046820497	36.947672	25.135	23.02	3.25	7.61
SB071116TAWCSCB63D10BR1TR1I163	CB63	11.0	37.41152999999998	-76.15966000000002	386714.0	173041.0	ODU	KM	07	16	07 16	569	0.9322892131745139	0.3617137307297663	50820	0.967032967032967	113796.77083333333	96602.29166666667	75.43030533755342	46.929166	25.355	24.02	4.06	7.7
SB071116TAWCSCB72D20BR1TR1I169	CB72	20.0	37.41152999999998	-76.07966000000003	16927.0	7513.0	ODU	KM	07	16	07 16	569	0.9322892131745139	0.3617137307297663	48720	0.9338521400778209	113796.77083333333	96602.29166666667	81.13953486601244	38.9329365	24.913	26.21	5.06	7.81
SB071116TAWCSCB64D10BR1TR1I165	CB64	8.0	37.23653000000001	-76.20798999999995	35603.0	16281.0	ODU	KM	07	16	07 16	571	0.9192859697186107	0.39359027665646623	31680	0.8571428571428571	95901.35416666667	93274.58333333333	71.54720522850927	42.634996	24.71	25.26	3.79	7.69
SB071116TAWCSCB74D13BR2TR1I173	CB74	14.0	36.995699999999964	-76.02047999999998	146033.0	65459.0	ODU	KM	07	16	07 16	569	0.9322892131745139	0.3617137307297663	33900	0.9333333333333333	113796.77083333333	96602.29166666667	65.79507147499835	37.1816635	19.572	31.45	6.45	7.88
SB081216TAWCSCB22D11BR1TR2I617	CB22	11.0	39.348730000000025	-76.17579	644320.0	222635.0	DNR	e_13	08	16	08 16	599	0.6321034111873484	0.7748840413670409	36180	0.9124423963133641	62721.458333333336	106474.79166666666	25.744609868017136	38.705895	28.0	5.45	5.3	7.2
SB083116TAWCSCB22D11BR2TR2I622	CB22	11.0	39.348730000000025	-76.17579	399055.0	144255.0	DNR	e_13	08	16	08 16	620	0.31719128858910617	0.9483615800121715	36360	0.9124423963133641	33572.291666666664	130080.0	46.76231568378819	42.8951685	27.8	8.38	4.2	7.2
SB081216TAWCSCB31D13BR1TR1I177	CB31	13.0	39.24950000000001	-76.24049999999995	475876.0	219379.0	DNR	KM	08	16	08 16	599	0.6321034111873484	0.7748840413670409	33720	0.9339080459770116	62721.458333333336	106474.79166666666	56.82055497761266	43.844858	27.3	11.41	2.1	7.2
SB082916TAWCSCB31D13BR1TR2I212	CB31	13.0	39.24950000000001	-76.24049999999995	39211.0	17936.0	DNR	KM	08	16	08 16	620	0.31719128858910617	0.9483615800121715	33780	0.9339080459770116	33572.291666666664	130080.0	68.90959745955314	47.538278999999996	27.5	12.99	3.1	7.3
SB081216TAWCSCB32D10BR1TR2I621	CB32	10.0	39.163689999999974	-76.30630999999995	592127.0	202455.0	DNR	e_13	08	16	08 16	599	0.6321034111873484	0.7748840413670409	31320	0.8080808080808081	62721.458333333336	106474.79166666666	58.084140278787906	46.784043	27.0	12.93	1.2	7.2
SB081216TAWCSCB33CD0BR1TR1I126	CB33C	0.0	38.99791873385773	-76.35911608868915	475602.0	163289.0	Preheim	e_13	08	16	08 16	601	0.6050560696488496	0.7961828637826153	31800	0.0	68300.9375	109029.375	54.556914448154494	40.181375	28.821	14.6	9.25	8.09
SB081216TAWCSCB33CD2BR1TR1I127	CB33C	2.0	38.99791873385773	-76.35911608868915	145106.0	65679.0	Preheim	KM	08	16	08 16	601	0.6050560696488496	0.7961828637826153	32520	0.07891491985203453	68300.9375	109029.375	60.23800787213766	40.0051085	28.233	14.7	7.47	7.89
SB081216TAWCSCB33CD10BR1TR1I131	CB33C	10.0	38.99791873385773	-76.35911608868915	400463.0	178941.0	Preheim	KM	08	16	08 16	601	0.6050560696488496	0.7961828637826153	35400	0.39457459926017263	68300.9375	109029.375	65.573093642126	44.0359885	28.091	14.91	6.42	7.75
SB081216TAWCSCB33CD13BR1TR1I134	CB33C	13.0	38.99791873385773	-76.35911608868915	431001.0	153280.0	Preheim	e_13	08	16	08 16	601	0.6050560696488496	0.7961828637826153	40440	0.5129469790382244	68300.9375	109029.375	40.84872927939906	45.337950000000006	27.549	16.45	4.07	7.51
SB081216TAWCSCB33CD15BR1TR1I136	CB33C	15.0	38.99791873385773	-76.35911608868915	529779.0	234144.0	Preheim	KM	08	16	08 16	601	0.6050560696488496	0.7961828637826153	40080	0.591861898890259	68300.9375	109029.375	11.363259313597894	47.713379499999995	26.083	19.66	0.1	7.23
SB081216TAWCSCB33CD16BR2TR1I138	CB33C	16.0	38.99791873385773	-76.35911608868915	536874.0	195814.0	Preheim	e_13	08	16	08 16	601	0.6050560696488496	0.7961828637826153	37500	0.6313193588162762	68300.9375	109029.375	6.2259689817409605	43.646317	26.043	19.854999999999997	0.11	7.24
SB081216TAWCSCB33CD18BR1TR1I140	CB33C	18.0	38.99791873385773	-76.35911608868915	344944.0	113894.0	Preheim	e_13	08	16	08 16	601	0.6050560696488496	0.7961828637826153	38160	0.7102342786683107	68300.9375	109029.375	7.361105899085118	43.91775749999999	26.012	20.05	0.11	7.25
SB081216TAWCSCB33CD24BR1TR2I623	CB33C	24.0	38.995959999999975	-76.35966999999994	400873.0	134486.0	DNR	e_13	08	16	08 16	598	0.6453481132295509	0.7638886127905421	55140	0.9469790382244143	59022.5	103536.25	32.49988279236088	50.350635	25.6	19.24	0.29	7.3
SB081216TAWCSCB41CD31BR1TR2I618	CB41C	31.0	38.82592999999998	-76.39944999999996	479953.0	163461.0	DNR	e_13	08	16	08 16	598	0.6453481132295509	0.7638886127905421	48540	0.96875	59022.5	103536.25	55.54048672284456	48.8501755	26.0	20.22	0.3	7.3
SB083016TAWCSCB41CD31BR1TR1I216	CB41C	31.0	38.82592999999998	-76.39944999999996	32295.0	14174.0	DNR	KM	08	16	08 16	619	0.3334687789181865	0.9427611433904208	46620	0.96875	35088.541666666664	132691.45833333334	15.40011321529768	46.2459795	27.1	20.99	0.36	7.3
SB081216TAWCSCB42CD26BR2TR1I612	CB42C	26.0	38.646179999999994	-76.42127000000002	395770.0	131816.0	DNR	e_13	08	16	08 16	598	0.6453481132295509	0.7638886127905421	42120	0.9433106575963719	59022.5	103536.25	65.52869155260737	49.1710425	26.2	20.78	0.3	7.3
SB082916TAWCSCB43CD26BR1TR2I220	CB43C	26.0	38.55505000000002	-76.42794000000002	293803.0	102322.0	DNR	e_13	08	16	08 16	619	0.3334687789181865	0.9427611433904208	34980	0.9438943894389439	35088.541666666664	132691.45833333334	25.90022694934494	45.7601695	27.1	21.9	0.36	7.4
SB081216TAWCSCB43CD26BR1TR1I184	CB43C	26.0	38.555050000000016	-76.42794000000002	163677.0	74645.0	DNR	KM	08	16	08 16	598	0.6453481132295509	0.7638886127905421	36420	0.9438943894389439	59022.5	103536.25	87.4372358895058	54.80979549999999	26.5	20.85	0.3	7.3
SB082916TAWCSCB44D30BR1TR1I222	CB44	31.0	38.414570000000026	-76.34564999999998	648036.0	288055.0	DNR	KM	08	16	08 16	618	0.3496474552512293	0.9368813462954312	49080	0.9647302904564315	35980.416666666664	133699.8625886525	37.319131187177646	48.5436785	27.1	22.67	0.3	7.4
SB081216TAWCSCB51D33BR1TR1I186	CB51	33.0	38.31870000000001	-76.29215	223954.0	100827.0	DNR	KM	08	16	08 16	597	0.6584015846980491	0.7526668275320081	47040	0.9580645161290323	52591.04166666668	98408.95833333333	27.1248063276762	46.418977000000005	27.1	21.76	0.3	7.4
SB082916TAWCSCB52D29BR1TR1I224	CB52	30.0	38.137050000000016	-76.22786999999995	367793.0	164024.0	DNR	KM	08	16	08 16	618	0.3496474552512293	0.9368813462954312	42000	0.975609756097561	35980.416666666664	133699.8625886525	39.24954901933064	48.1908165	27.5	22.67	0.4	7.4
SB081216TAWCSCB53D25BR2TR2I189	CB53	25.0	37.91011000000001	-76.17137000000002	502824.0	174152.0	DNR	e_13	08	16	08 16	597	0.6584015846980491	0.7526668275320081	38880	0.9395973154362416	52591.04166666668	98408.95833333333	61.21327241593305	48.4063835	27.1	23.31	3.4	7.8
SB082916TAWCSCB53D25BR1TR2I610	CB53	25.0	37.91011000000001	-76.17137000000002	299176.0	107450.0	DNR	e_13	08	16	08 16	618	0.3496474552512293	0.9368813462954312	37500	0.9395973154362416	35980.416666666664	133699.8625886525	61.82977605071675	49.142286	27.7	23.38	2.7	7.7
SB081216TAWCSCB54D25BR1TR1I190	CB54	25.0	37.80013	-76.17466	143925.0	62906.0	ODU	KM	08	16	08 16	598	0.6453481132295509	0.7638886127905421	33960	0.7797270955165692	59022.5	103536.25	69.23807099304257	48.4103945	26.9	24.83	3.54	7.83
SB082916TAWCSCB54D25BR2TR1I228	CB54	25.0	37.80013	-76.17466	30886.0	14304.0	ODU	KM	08	16	08 16	619	0.3334687789181865	0.9427611433904208	34440	0.7797270955165692	35088.541666666664	132691.45833333334	71.0902921940029	45.1078985	27.515	24.15	2.74	7.67
SB081216TAWCSCB71D20BR2TR1I201	CB71	16.0	37.683459999999975	-75.98965999999999	14820.0	6811.0	ODU	KM	08	16	08 16	598	0.6453481132295509	0.7638886127905421	50820	0.8888888888888888	59022.5	103536.25	94.63962277835499	44.3170095	26.684	25.27	3.72	7.83
SB082916TAWCSCB71D20BR2TR1I238	CB71	17.0	37.683459999999975	-75.98965999999999	398585.0	179225.0	ODU	KM	08	16	08 16	619	0.3334687789181865	0.9427611433904208	49740	0.9444444444444444	35088.541666666664	132691.45833333334	73.18322668813893	46.18748699999999	27.21	24.77	3.82	7.76
SB081216TAWCSCB61D11BR1TR1I192	CB61	11.0	37.58847000000002	-76.16216000000001	9239.0	4169.0	ODU	KM	08	16	08 16	597	0.6584015846980491	0.7526668275320081	60660	0.9090909090909092	52591.04166666668	98408.95833333333	59.77064252840928	37.322958	26.608	25.37	3.37	7.81
SB082916TAWCSCB61D11BR1TR1I230	CB61	11.0	37.58847000000002	-76.16216000000001	31603.0	14199.0	ODU	KM	08	16	08 16	618	0.3496474552512293	0.9368813462954312	63060	0.9090909090909092	35980.416666666664	133699.8625886525	67.49912042561401	43.670737	27.339000000000002	24.06	2.41	7.61
SB081216TAWCSCB62D9BR1TR1I194	CB62	9.0	37.48680000000001	-76.15633000000003	84646.0	39216.0	ODU	KM	08	16	08 16	597	0.6584015846980491	0.7526668275320081	53100	0.8780487804878049	52591.04166666668	98408.95833333333	88.77138901367228	48.572462	26.037	26.39	4.23	7.85
SB082916TAWCSCB62D9BR1TR1I232	CB62	9.0	37.48679999999996	-76.15632999999991	721144.0	320573.0	ODU	KM	08	16	08 16	618	0.3496474552512293	0.9368813462954312	55800	0.8780487804878049	35980.416666666664	133699.8625886525	61.848880822802045	47.446193	27.491	23.35	4.1	7.8
SB082916TAWCSCB63D10BR3TR1I234	CB63	11.0	37.41152999999998	-76.15966000000002	39929.0	18969.0	ODU	KM	08	16	08 16	618	0.3496474552512293	0.9368813462954312	53280	0.967032967032967	35980.416666666664	133699.8625886525	68.29764789444539	42.646111	27.369	24.16	5.25	7.87
SB081216TAWCSCB63D11BR2TR1I196	CB63	11.0	37.41152999999998	-76.15966000000002	507955.0	230383.0	ODU	KM	08	16	08 16	597	0.6584015846980491	0.7526668275320081	50760	0.967032967032967	52591.04166666668	98408.95833333333	91.6767057249234	47.669942	25.714000000000002	27.4	4.71	7.88
SB081216TAWCSCB72D20BR2TR1I203	CB72	21.0	37.41152999999998	-76.07966000000003	16492.0	7435.0	ODU	KM	08	16	08 16	597	0.6584015846980491	0.7526668275320081	48420	0.980544747081712	52591.04166666668	98408.95833333333	85.54088507403799	37.572646999999996	25.425	28.2	5.44	7.93
SB082916TAWCSCB72D20BR1TR1I241	CB72	19.0	37.41152999999998	-76.07966000000003	28510.0	12871.0	ODU	KM	08	16	08 16	618	0.3496474552512293	0.9368813462954312	51000	0.8871595330739299	35980.416666666664	133699.8625886525	95.34904276278952	36.4788875	26.42	28.69	6.0	7.86
SB081216TAWCSCB64D10BR2TR1I199	CB64	8.0	37.23652999999996	-76.20798999999991	13129.0	5920.0	ODU	KM	08	16	08 16	598	0.6453481132295509	0.7638886127905421	60840	0.8571428571428571	59022.5	103536.25	50.49650455979637	37.1918555	26.691999999999997	23.92	4.25	7.87
SB082916TAWCSCB64D10BR1TR1I236	CB64	9.0	37.23653000000001	-76.20798999999995	866657.0	395376.0	ODU	KM	08	16	08 16	620	0.31719128858910617	0.9483615800121715	38460	0.9642857142857142	33572.291666666664	130080.0	88.92620149292783	44.9856745	26.363000000000003	26.77	5.03	7.83
SB081216TAWCSCB73D12BR1TR1I205	CB73	12.0	37.11681	-76.12521	294967.0	128423.0	ODU	KM	08	16	08 16	597	0.6584015846980491	0.7526668275320081	39300	0.912280701754386	52591.04166666668	98408.95833333333	89.30900979183565	41.635517	25.984	28.58	6.26	8.02
SB082916TAWCSCB74D13BR1TR1I246	CB74	14.0	36.995699999999964	-76.02047999999998	50996.0	23888.0	ODU	KM	08	16	08 16	618	0.3496474552512293	0.9368813462954312	35700	0.9333333333333333	35980.416666666664	133699.8625886525	55.70022581313305	30.993861499999998	23.825	31.09	7.37	7.93
SB041117TAWCSCB22D11BR2TR1I288	CB22	11.0	39.348730000000025	-76.17579	106838.0	63587.0	DNR	e_15_1	04	17	04 17	845	0.3975428142825543	-0.9175836260593944	36780	0.9124423963133641	137038.54166666666	1772354.1666666667	16.883255363571145	17.328412	12.0	0.0	11.2	7.7
SB041117TAWCSCB31D13BR1TR1I289	CB31	13.0	39.24950000000001	-76.24049999999995	297215.0	176211.0	DNR	e_15_1	04	17	04 17	845	0.3975428142825543	-0.9175836260593944	34200	0.9339080459770116	137038.54166666666	1772354.1666666667	68.34948089401297	31.364806	9.5	9.08	7.4	7.3
SB041117TAWCSCB32D10BR2TR1I290	CB32	9.0	39.163689999999974	-76.30630999999995	119832.0	70910.0	DNR	e_15_1	04	17	04 17	845	0.3975428142825543	-0.9175836260593944	31500	0.7272727272727273	137038.54166666666	1772354.1666666667	27.52969899848441	29.623762	9.7	8.69	7.6	7.6
SB041117TAWCSCB33CD5BR1TR1I286	CB33C	0.0	38.995959999999975	-76.35967000000002	54191.0	33224.0	DNR	e_15_1	04	17	04 17	844	0.3816892202666579	-0.9242907221930937	54540	0.0	133209.6875	1769062.5	47.03169116658554	22.9357545	11.7	3.0	10.2	7.7
SB041117TAWCSCB33CD24BR1TR1I291	CB33C	23.0	38.995959999999975	-76.35966999999994	151040.0	94033.0	DNR	e_15_1	04	17	04 17	844	0.3816892202666579	-0.9242907221930937	54540	0.9075215782983971	133209.6875	1769062.5	21.228752466256932	25.661386500000006	7.5	17.66	6.3	7.3
SB041117TAWCSCB42CD26BR1TR1I293	CB42C	26.0	38.646179999999994	-76.42127000000005	103836.0	61523.0	DNR	e_15_1	04	17	04 17	844	0.3816892202666579	-0.9242907221930937	41280	0.9433106575963719	133209.6875	1769062.5	40.76334051170056	29.5193445	8.0	20.15	6.9	7.6
SB041117TAWCSCB43CD27BR1TR1I294	CB43C	26.0	38.55505000000002	-76.42794000000002	249894.0	157280.0	DNR	e_15_1	04	17	04 17	844	0.3816892202666579	-0.9242907221930937	35580	0.9438943894389439	133209.6875	1769062.5	31.29008108314269	29.9108075	8.4	20.43	7.1	7.6
SB041117TAWCSCB44D31BR1TR1I295	CB44	31.0	38.41457000000001	-76.34564999999998	206883.0	127076.0	DNR	e_15_1	04	17	04 17	843	0.3657225234972702	-0.930723931037979	50520	0.9647302904564315	127348.33333333333	1724135.4166666665	43.50241764231413	35.117785999999995	9.4	23.24	7.5	7.7
SB041117TAWCSCB51D33BR1TR1I296	CB51	34.0	38.318700000000014	-76.29215	271079.0	169525.0	DNR	e_15_1	04	17	04 17	843	0.3657225234972702	-0.930723931037979	47700	0.9870967741935485	127348.33333333333	1724135.4166666665	46.34982640187405	33.159279999999995	9.6	23.87	7.6	7.7
SB041117TAWCSCB53D5BR1TR1I284	CB53	0.0	37.91011000000001	-76.17137000000002	112186.0	66940.0	DNR	e_15_1	04	17	04 17	843	0.3657225234972702	-0.930723931037979	38880	0.0	127348.33333333333	1724135.4166666665	19.315281380722766	21.523849	12.0	14.73	11.0	8.2
SB041117TAWCSCB54D25BR1TR1I300	CB54	1.0	37.80012999999999	-76.17465999999997	150804.0	91730.0	ODU	e_15_1	04	17	04 17	843	0.3657225234972702	-0.930723931037979	31620	0.031189083820662766	127348.33333333333	1724135.4166666665	9.8622408041707	21.060734	11.819	15.74	10.83	8.42
SB041117TAWCSCB54D25BR2TR1I310	CB54	25.0	37.80013	-76.17466	140713.0	87337.0	ODU	e_15_1	04	17	04 17	843	0.3657225234972702	-0.930723931037979	31620	0.7797270955165692	127348.33333333333	1724135.4166666665	50.41198929454502	32.990898	10.423	23.61	7.67	7.96
SB041117TAWCSCB71D20BR1TR1I306	CB71	1.0	37.683459999999975	-75.98966000000001	336467.0	203390.0	ODU	e_15_1	04	17	04 17	842	0.34964745525122837	-0.9368813462954315	55380	0.05555555555555555	119398.85416666667	1634033.3333333333	26.057170084249268	25.886304	12.539000000000001	19.49	9.82	8.15
SB041117TAWCSCB71D20BR2TR1I315	CB71	16.0	37.683459999999975	-75.98966000000001	123300.0	76769.0	ODU	e_15_1	04	17	04 17	842	0.34964745525122837	-0.9368813462954315	55380	0.8888888888888888	119398.85416666667	1634033.3333333333	39.697804477697225	28.789427000000003	11.57	20.89	8.59	8.03
SB041117TAWCSCB61D11BR1TR1I302	CB61	1.0	37.58847	-76.16215999999999	104065.0	64615.0	ODU	e_15_2	04	17	04 17	843	0.3657225234972702	-0.930723931037979	41160	0.08264462809917356	127348.33333333333	1724135.4166666665	23.061231391599183	24.3974995	12.511	17.68	10.41	8.33
SB041117TAWCSCB61D11BR1TR1I311	CB61	11.0	37.58847000000001	-76.16216	120910.0	74983.0	ODU	e_15_2	04	17	04 17	843	0.3657225234972702	-0.930723931037979	41160	0.9090909090909092	127348.33333333333	1724135.4166666665	45.79781134377839	30.7680805	11.493	21.86	8.82	8.12
SB041117TAWCSCB62D9BR1TR1I303	CB62	1.0	37.48679999999999	-76.15632999999997	63158.0	38722.0	ODU	e_15_1	04	17	04 17	843	0.3657225234972702	-0.930723931037979	49200	0.0975609756097561	127348.33333333333	1724135.4166666665	47.11828890662723	33.477366999999994	12.569	18.42	10.14	8.3
SB041117TAWCSCB62D9BR1TR1I312	CB62	9.0	37.4868	-76.15632999999998	235295.0	147316.0	ODU	e_15_1	04	17	04 17	843	0.3657225234972702	-0.930723931037979	49200	0.8780487804878049	127348.33333333333	1724135.4166666665	36.79493957200871	29.1455425	11.318	20.7	9.07	8.19
SB041117TAWCSCB63D10BR1TR1I304	CB63	1.0	37.41152999999999	-76.15965999999997	165451.0	103968.0	ODU	e_15_1	04	17	04 17	843	0.3657225234972702	-0.930723931037979	51480	0.08791208791208792	127348.33333333333	1724135.4166666665	32.99487238136397	27.335326	13.323	20.32	9.73	8.23
SB041117TAWCSCB72D20BR1TR1I307	CB72	1.0	37.41152999999999	-76.07966000000002	108463.0	65766.0	ODU	e_15_1	04	17	04 17	842	0.34964745525122837	-0.9368813462954315	49200	0.04669260700389105	119398.85416666667	1634033.3333333333	25.64380911334703	28.020209499999996	12.66	20.58	9.76	8.13
SB041117TAWCSCB63D10BR2TR1I313	CB63	10.0	37.41152999999999	-76.15965999999997	554365.0	338989.0	ODU	e_15_1	04	17	04 17	843	0.3657225234972702	-0.930723931037979	51480	0.8791208791208791	127348.33333333333	1724135.4166666665	41.936447690639355	29.515860999999997	11.706	20.67	9.16	8.2
SB041117TAWCSCB72D20BR1TR1I316	CB72	21.0	37.41152999999999	-76.07966000000003	285662.0	174828.0	ODU	e_15_1	04	17	04 17	842	0.34964745525122837	-0.9368813462954315	49200	0.980544747081712	119398.85416666667	1634033.3333333333	46.49631039460068	31.415088	11.687000000000001	24.37	8.27	8.05
SB041117TAWCSCB73D12BR1TR1I308	CB73	1.0	37.11681	-76.12521	163255.0	102692.0	ODU	e_15_1	04	17	04 17	842	0.34964745525122837	-0.9368813462954315	40740	0.0760233918128655	119398.85416666667	1634033.3333333333	50.98939256560318	30.060003499999997	12.206	23.57	9.39	8.08
SB041117TAWCSCB73D12BR1TR1I317	CB73	12.0	37.11681	-76.12521	253634.0	157877.0	ODU	e_15_1	04	17	04 17	842	0.34964745525122837	-0.9368813462954315	40740	0.912280701754386	119398.85416666667	1634033.3333333333	44.52114604981674	34.6792375	11.883	25.44	8.99	8.07
SB050817TAWCSCB22D11BR1TR1I322	CB22	11.0	39.348730000000025	-76.17579	188611.0	111797.0	DNR	e_15_1	05	17	05 17	873	0.7775971469736264	-0.6287628145958352	36720	0.9124423963133641	261919.06249999997	1211446.8528368797	27.442136146851922	28.2054915	14.6	0.0	10.1	7.6
SB050817TAWCSCB31D13BR1TR1I323	CB31	13.0	39.24950000000001	-76.24049999999995	199676.0	114717.0	DNR	e_15_1	05	17	05 17	873	0.7775971469736264	-0.6287628145958352	34260	0.9339080459770116	261919.06249999997	1211446.8528368797	53.11865054440479	35.799916	15.0	9.14	4.0	7.2
SB050817TAWCSCB32D10BR2TR1I324	CB32	9.0	39.163689999999974	-76.30630999999995	524847.0	313175.0	DNR	e_15_1	05	17	05 17	873	0.7775971469736264	-0.6287628145958352	32100	0.7272727272727273	261919.06249999997	1211446.8528368797	44.12054708945962	34.756588	14.6	10.5	2.7	7.1
SB050817TAWCSCB33CD5BR1TR1I320	CB33C	0.0	38.995959999999975	-76.35966999999992	387376.0	230425.0	DNR	e_15_1	05	17	05 17	872	0.7666588193001589	-0.6420547132365638	54060	0.0	274714.8958333333	1154384.3528368794	42.66002977773736	32.3558795	17.6	2.71	10.5	8.4
SB050817TAWCSCB33CD24BR1TR1I325	CB33C	24.0	38.995959999999975	-76.35966999999995	114692.0	68316.0	DNR	e_15_1	05	17	05 17	872	0.7666588193001589	-0.6420547132365638	54060	0.9469790382244143	274714.8958333333	1154384.3528368794	30.87504300800528	32.31158	12.5	16.02	1.1	7.1
SB050817TAWCSCB42CD26BR1TR1I327	CB42C	26.0	38.646179999999994	-76.42127000000005	136643.0	83579.0	DNR	e_15_1	05	17	05 17	872	0.7666588193001589	-0.6420547132365638	40680	0.9433106575963719	274714.8958333333	1154384.3528368794	35.84164798551056	34.3120915	13.9	18.21	2.1	7.2
SB050817TAWCSCB43CD27BR1TR1I328	CB43C	26.0	38.55505000000002	-76.42794000000002	177222.0	103084.0	DNR	e_15_1	05	17	05 17	872	0.7666588193001589	-0.6420547132365638	35280	0.9438943894389439	274714.8958333333	1154384.3528368794	51.403822565850966	34.91515149999999	14.1	18.41	2.3	7.2
SB050817TAWCSCB44D31BR1TR1I329	CB44	31.0	38.414570000000026	-76.34564999999998	119216.0	72435.0	DNR	e_15_1	05	17	05 17	871	0.7554933140726793	-0.6551563572090863	51540	0.9647302904564315	266519.1666666667	1080023.936170213	39.38289509065436	33.628677999999994	14.4	19.11	2.8	7.3
SB050817TAWCSCB51D33BR1TR1I330	CB51	34.0	38.318700000000014	-76.29215	490976.0	301243.0	DNR	e_15_1	05	17	05 17	871	0.7554933140726793	-0.6551563572090863	48480	0.9870967741935485	266519.1666666667	1080023.936170213	48.31417129064611	36.7350725	15.4	19.45	3.8	7.4
SB050817TAWCSCB53D5BR1TR1I318	CB53	0.0	37.91011000000001	-76.17137000000002	207085.0	123444.0	DNR	e_15_1	05	17	05 17	871	0.7554933140726793	-0.6551563572090863	38280	0.0	266519.1666666667	1080023.936170213	30.004401165015963	32.430690000000006	17.1	14.73	8.9	8.1
SB050817TAWCSCB53D25BR2TR1I333	CB53	26.0	37.91011000000001	-76.17137000000002	271421.0	162463.0	DNR	e_15_1	05	17	05 17	871	0.7554933140726793	-0.6551563572090863	38280	0.9771812080536912	266519.1666666667	1080023.936170213	46.282937053385965	36.079907	16.7	19.66	5.1	7.6
SB050817TAWCSCB54D25BR1TR1I334	CB54	1.0	37.800129999999974	-76.17465999999997	156059.0	95714.0	ODU	e_15_1	05	17	05 17	871	0.7554933140726793	-0.6551563572090863	33900	0.031189083820662766	266519.1666666667	1080023.936170213	33.604867490571905	31.704482000000002	17.265	15.63	8.68	8.16
SB050817TAWCSCB54D25BR1TR1I343	CB54	26.0	37.80013	-76.17466	263103.0	160238.0	ODU	e_15_1	05	17	05 17	871	0.7554933140726793	-0.6551563572090863	33900	0.8109161793372319	266519.1666666667	1080023.936170213	48.286960486080616	37.028105	16.987000000000002	19.77	5.18	7.71
SB050817TAWCSCB71D20BR1TR1I340	CB71	1.0	37.683459999999975	-75.98966000000003	225310.0	134998.0	ODU	e_15_1	05	17	05 17	871	0.7554933140726793	-0.6551563572090863	51540	0.05555555555555555	266519.1666666667	1080023.936170213	43.530398681405146	31.350274	18.299	18.58	8.73	8.13
SB050817TAWCSCB71D20BR2TR1I349	CB71	21.0	37.683459999999975	-75.98965999999999	265877.0	163318.0	ODU	e_15_1	05	17	05 17	871	0.7554933140726793	-0.6551563572090863	51540	1.1666666666666667	266519.1666666667	1080023.936170213	57.17485407924036	41.06116	17.702	19.56	6.95	7.98
SB050817TAWCSCB61D11BR1TR1I336	CB61	1.0	37.58847	-76.16215999999999	672120.0	422045.0	ODU	e_15_2	05	17	05 17	870	0.7441039398713611	-0.6680638642135328	63480	0.08264462809917356	246552.60416666666	1011747.9166666667	46.26862640857674	33.642356	17.813	17.38	9.25	8.24
SB050817TAWCSCB61D11BR1TR1I345	CB61	11.0	37.58847000000002	-76.16216000000001	132825.0	78924.0	ODU	e_15_1	05	17	05 17	870	0.7441039398713611	-0.6680638642135328	63480	0.9090909090909092	246552.60416666666	1011747.9166666667	50.40183607517173	35.4326705	17.643	19.38	6.32	7.89
SB050817TAWCSCB62D9BR1TR1I337	CB62	1.0	37.4868	-76.15632999999998	290243.0	171807.0	ODU	e_15_1	05	17	05 17	870	0.7441039398713611	-0.6680638642135328	55680	0.0975609756097561	246552.60416666666	1011747.9166666667	39.62147756209545	32.9564245	17.805999999999997	17.76	9.23	8.21
SB050817TAWCSCB62D9BR1TR1I346	CB62	9.0	37.48680000000001	-76.15633000000003	349372.0	171999.0	ODU	e_15_1	05	17	05 17	870	0.7441039398713611	-0.6680638642135328	55680	0.8780487804878049	246552.60416666666	1011747.9166666667	64.70479480319905	41.522581	17.414	18.53	7.71	8.03
SB050817TAWCSCB63D10BR1TR1I338	CB63	1.0	37.41152999999999	-76.15965999999997	806740.0	497889.0	ODU	e_15_1	05	17	05 17	871	0.7554933140726793	-0.6551563572090863	58200	0.08791208791208792	266519.1666666667	1080023.936170213	42.73939033234771	33.832252000000004	18.279	18.77	9.23	8.24
SB050817TAWCSCB72D20BR1TR1I341	CB72	1.0	37.41152999999999	-76.07966000000002	168383.0	102772.0	ODU	e_15_1	05	17	05 17	870	0.7441039398713611	-0.6680638642135328	52440	0.04669260700389105	246552.60416666666	1011747.9166666667	41.760377142974335	31.911610999999997	17.948	19.35	8.98	8.17
SB050817TAWCSCB63D10BR2TR1I347	CB63	11.0	37.41152999999998	-76.15966000000002	108723.0	66490.0	ODU	e_15_1	05	17	05 17	871	0.7554933140726793	-0.6551563572090863	58200	0.967032967032967	266519.1666666667	1080023.936170213	54.532249520163234	34.38242149999999	17.492	20.32	7.43	8.04
SB050817TAWCSCB72D20BR1TR1I350	CB72	18.0	37.41152999999998	-76.07966000000005	144783.0	89339.0	ODU	e_15_1	05	17	05 17	870	0.7441039398713611	-0.6680638642135328	52440	0.8404669260700388	246552.60416666666	1011747.9166666667	50.87191549028294	33.453250999999995	17.209	27.67	6.54	7.94
SB050817TAWCSCB73D12BR1TR1I342	CB73	1.0	37.11681	-76.12521	92029.0	55478.0	ODU	e_15_1	05	17	05 17	870	0.7441039398713611	-0.6680638642135328	41760	0.0760233918128655	246552.60416666666	1011747.9166666667	62.75872209107411	38.327682	17.739	23.32	8.37	8.04
SB050817TAWCSCB73D12BR1TR1I351	CB73	12.0	37.11681	-76.12521	266819.0	159841.0	ODU	e_15_1	05	17	05 17	870	0.7441039398713611	-0.6680638642135328	41760	0.912280701754386	246552.60416666666	1011747.9166666667	75.68959431631308	41.0181855	17.468	25.36	7.46	8.0
SB060517TAWCSCB22D11BR2TR1I356	CB22	11.0	39.348730000000025	-76.17579	115709.0	66689.0	DNR	e_15_1	06	17	06 17	901	0.9804691603616321	-0.19667288979357608	37020	0.9124423963133641	248662.91666666672	600877.0833333333	46.03989349540159	40.88879100000001	20.2	5.04	3.2	7.2
SB060517TAWCSCB31D13BR1TR1I357	CB31	13.0	39.24950000000001	-76.24049999999995	126701.0	76299.0	DNR	e_15_1	06	17	06 17	901	0.9804691603616321	-0.19667288979357608	34200	0.9339080459770116	248662.91666666672	600877.0833333333	33.999445284196	37.204478	18.2	10.37	0.4	7.1
SB062617TAWCSCB31D13BR1TR1I357	CB31	13.0	39.24950000000001	-76.24049999999995	307461.0	166807.0	DNR	spr14	06	17	06 17	921	0.9893142039703666	0.14579919691987306	33780	0.9339080459770116	70008.85416666667	449347.9166666667	41.60991157325292	42.971574	24.5	7.3	3.0	7.3
SB060517TAWCSCB32D10BR2TR1I358	CB32	10.0	39.16369	-76.30631	272143.0	169733.0	DNR	e_15_1	06	17	06 17	901	0.9804691603616321	-0.19667288979357608	31800	0.8080808080808081	248662.91666666672	600877.0833333333	75.29423520243253	40.131701	17.6	12.59	0.3	7.1
SB061517TAWCSCB33CD0BR2TR1I558	CB33C	0.0	38.99738333333333	-76.35888333333334	115263.0	71073.0	Preheim	e_15_2	06	17	06 17	908	0.9970011699250151	-0.07738647923346306	32520	0.0	79910.0	697091.6666666666	42.85192897155552	35.576420500000005	23.903	6.89	7.58	7.88
SB060117TAWCSCB33CD0BR2TR1I542	CB33C	0.0	38.99736111	-76.35916667	42344.0	19080.0	Preheim	KM	06	17	06 17	894	0.9497178427914313	-0.3131070409358278	35040	0.0	247467.91666666666	465745.8333333334	96.57288939950129	49.2671125	19.67	5.42	8.61	7.7
SB060517TAWCSCB33CD5BR1TR1I354	CB33C	0.0	38.995959999999975	-76.35967000000002	125264.0	74259.0	DNR	e_15_1	06	17	06 17	900	0.9769384927771818	-0.21352091543979532	54180	0.0	249327.2916666667	588862.5	40.99786528599641	35.7860355	21.3	5.88	8.9	8.3
SB060117TAWCSCB33CD1BR1TR1I525	CB33C	1.0	38.99736111	-76.35916667	271053.0	121437.0	Preheim	KM	06	17	06 17	894	0.9497178427914313	-0.3131070409358278	35760	0.03945745992601726	247467.91666666666	465745.8333333334	63.672768124393826	40.2250205	19.63	5.46	8.84	7.77
SB061517TAWCSCB33CD2BR1TR1I561	CB33C	2.0	38.99738333333333	-76.35888333333334	141742.0	87617.0	Preheim	e_15_2	06	17	06 17	908	0.9970011699250151	-0.07738647923346306	33180	0.07891491985203453	79910.0	697091.6666666666	56.52677033289877	37.508024	23.693	7.5	6.43	7.63
SB060117TAWCSCB33CD2BR1TR1I526	CB33C	2.0	38.99736111	-76.35916667	15188.0	6622.0	Preheim	KM	06	17	06 17	894	0.9497178427914313	-0.3131070409358278	36540	0.07891491985203453	247467.91666666666	465745.8333333334	45.49519339382049	28.987921999999998	19.58	5.96	8.64	7.74
SB060117TAWCSCB33CD3BR1TR1I527	CB33C	3.0	38.99736111	-76.35916667	301775.0	131725.0	Preheim	KM	06	17	06 17	894	0.9497178427914313	-0.3131070409358278	37020	0.11837237977805179	247467.91666666666	465745.8333333334	68.57221934977548	39.69498299999999	19.67	7.12	8.58	7.89
SB060117TAWCSCB33CD4BR1TR1I528	CB33C	4.0	38.99736111	-76.35916667	124659.0	57237.0	Preheim	KM	06	17	06 17	894	0.9497178427914313	-0.3131070409358278	37620	0.15782983970406905	247467.91666666666	465745.8333333334	51.52839325015273	37.507637	19.73	7.35	8.82	8.07
SB060117TAWCSCB33CD5BR1TR1I529	CB33C	5.0	38.99736111	-76.35916667	201237.0	92137.0	Preheim	KM	06	17	06 17	894	0.9497178427914313	-0.3131070409358278	38100	0.19728729963008632	247467.91666666666	465745.8333333334	57.98618344946388	38.928612	19.11	8.12	7.13	7.56
SB061517TAWCSCB33CD6BR1TR1I563	CB33C	6.0	38.99738333333333	-76.35888333333334	436507.0	265422.0	Preheim	e_15_2	06	17	06 17	908	0.9970011699250151	-0.07738647923346306	34260	0.23674475955610358	79910.0	697091.6666666666	57.72079920000875	39.2812825	21.073	11.27	2.14	7.07
SB060117TAWCSCB33CD6BR1TR1I530	CB33C	6.0	38.99736111	-76.35916667	164022.0	73275.0	Preheim	KM	06	17	06 17	894	0.9497178427914313	-0.3131070409358278	38580	0.23674475955610358	247467.91666666666	465745.8333333334	86.27594760741108	55.6877645	18.7	9.26	6.0	7.31
SB060117TAWCSCB33CD7BR1TR1I531	CB33C	7.0	38.99736111	-76.35916667	24920.0	10806.0	Preheim	KM	06	17	06 17	894	0.9497178427914313	-0.3131070409358278	39060	0.2762022194821208	247467.91666666666	465745.8333333334	67.65900242146131	35.558071999999996	17.86	11.16	3.67	7.12
SB060117TAWCSCB33CD8BR1TR1I532	CB33C	8.0	38.99736111	-76.35916667	100944.0	43838.0	Preheim	KM	06	17	06 17	894	0.9497178427914313	-0.3131070409358278	39660	0.3156596794081381	247467.91666666666	465745.8333333334	75.53849176807135	41.001757	17.93	11.45	3.59	7.12
SB060117TAWCSCB33CD8BR2TR1I546	CB33C	9.0	38.99736111	-76.35916667	280111.0	124673.0	Preheim	KM	06	17	06 17	894	0.9497178427914313	-0.3131070409358278	40260	0.35511713933415534	247467.91666666666	465745.8333333334	69.8708409904066	49.96718800000001	16.999	14.23	1.28	7.0
SB061517TAWCSCB33CD8BR1TR1I564	CB33C	8.0	38.99738333333333	-76.35888333333334	251240.0	122662.0	Preheim	spr14	06	17	06 17	908	0.9970011699250151	-0.07738647923346306	34920	0.3156596794081381	79910.0	697091.6666666666	60.140253919783724	44.3654295	18.584	15.12	0.27	6.98
SB060117TAWCSCB33CD10BR2TR1I547	CB33C	10.0	38.99736111	-76.35916667	312106.0	138401.0	Preheim	KM	06	17	06 17	894	0.9497178427914313	-0.3131070409358278	40800	0.39457459926017263	247467.91666666666	465745.8333333334	65.90563351818483	40.580046	16.83	14.92	0.88	6.99
SB060117TAWCSCB33CD11BR1TR1I535	CB33C	11.0	38.99736111	-76.35916667	157851.0	70986.0	Preheim	KM	06	17	06 17	894	0.9497178427914313	-0.3131070409358278	41400	0.43403205918618987	247467.91666666666	465745.8333333334	81.18562364780865	41.509326	16.79	15.31	0.65	6.98
SB060117TAWCSCB33CD12BR1TR1I536	CB33C	12.0	38.99736111	-76.35916667	986800.0	631561.0	Preheim	e_15_2	06	17	06 17	894	0.9497178427914313	-0.3131070409358278	42000	0.47348951911220716	247467.91666666666	465745.8333333334	88.30278833039647	45.871252	16.75	15.44	0.58	6.98
SB060117TAWCSCB33CD13BR1TR1I537	CB33C	13.0	38.99736111	-76.35916667	19491.0	9010.0	Preheim	KM	06	17	06 17	894	0.9497178427914313	-0.3131070409358278	42600	0.5129469790382244	247467.91666666666	465745.8333333334	68.5926030921872	33.547641	16.71	15.67	0.5	6.99
SB060117TAWCSCB33CD14BR1TR1I538	CB33C	14.0	38.99736111	-76.35916667	34305.0	15257.0	Preheim	KM	06	17	06 17	894	0.9497178427914313	-0.3131070409358278	43140	0.5524044389642416	247467.91666666666	465745.8333333334	62.82876619514744	40.962973999999996	16.7	16.29	0.43	6.99
SB061517TAWCSCB33CD14BR1TR1I567	CB33C	14.0	38.99738333333333	-76.35888333333334	51377.0	27807.0	Preheim	spr14	06	17	06 17	908	0.9970011699250151	-0.07738647923346306	36900	0.5524044389642416	79910.0	697091.6666666666	46.16094843662557	39.942161	18.048	18.94	0.14	7.04
SB060117TAWCSCB33CD15BR1TR1I539	CB33C	15.0	38.99736111	-76.35916667	145830.0	64339.0	Preheim	KM	06	17	06 17	894	0.9497178427914313	-0.3131070409358278	43680	0.591861898890259	247467.91666666666	465745.8333333334	74.1423823285315	41.025862	16.67	16.25	0.39	6.99
SB061517TAWCSCB33CD21BR1TR1I571	CB33C	21.0	38.99738333333333	-76.35888333333334	114932.0	71482.0	Preheim	e_15_2	06	17	06 17	908	0.9970011699250151	-0.07738647923346306	39540	0.8286066584463625	79910.0	697091.6666666666	68.9982854736525	45.025704499999996	18.0765	19.27	0.14	7.06
SB060117TAWCSCB33CD21BR2TR1I554	CB33C	21.0	38.99791873385773	-76.35911608868915	16572.0	7085.0	Preheim	KM	06	17	06 17	894	0.9497178427914313	-0.3131070409358278	33347	0.8286066584463625	247467.91666666666	465745.8333333334	60.120169806776865	31.360965000000004	16.626879999999993	16.965600000000013	0.3574	7.0
SB060517TAWCSCB33CD24BR1TR1I359	CB33C	24.0	38.995959999999975	-76.35966999999995	199213.0	118220.0	DNR	e_15_1	06	17	06 17	900	0.9769384927771818	-0.21352091543979532	54180	0.9469790382244143	249327.2916666667	588862.5	59.06224678331375	40.36896899999999	17.2	16.7	0.57	7.1
SB060517TAWCSCB42CD26BR1TR1I361	CB42C	27.0	38.646179999999994	-76.42127000000005	47968.0	28896.0	DNR	e_15_1	06	17	06 17	900	0.9769384927771818	-0.21352091543979532	41160	0.9795918367346939	249327.2916666667	588862.5	49.15618748459486	36.78250850000001	18.0	18.35	1.3	7.2
SB060517TAWCSCB43CD27BR1TR1I362	CB43C	26.0	38.55505000000002	-76.42794000000002	225600.0	137838.0	DNR	e_15_1	06	17	06 17	900	0.9769384927771818	-0.21352091543979532	35460	0.9438943894389439	249327.2916666667	588862.5	42.25930062149975	37.2994565	18.3	18.97	1.7	7.3
SB062617TAWCSCB43CD27BR1TR1I362	CB43C	26.0	38.555050000000016	-76.42794000000002	89208.0	48899.0	DNR	spr14	06	17	06 17	920	0.9916773198992901	0.12874817745257972	34800	0.9438943894389439	70358.85416666667	453741.6666666667	73.00645048800756	47.010177	20.2	17.93	0.39	7.3
SB060517TAWCSCB44D5BR1TR1I353	CB44	0.0	38.414570000000026	-76.34564999999998	278658.0	165290.0	DNR	e_15_1	06	17	06 17	899	0.9731183372332618	-0.23030567023061269	52380	0.0	249662.9166666667	576329.1666666667	44.588141184271905	36.935778000000006	22.6	9.65	10.4	8.6
SB060517TAWCSCB44D31BR1TR1I363	CB44	31.0	38.414570000000026	-76.34564999999998	191045.0	115555.0	DNR	e_15_1	06	17	06 17	899	0.9731183372332618	-0.23030567023061269	52380	0.9647302904564315	249662.9166666667	576329.1666666667	47.39103047890444	40.026372	18.5	19.38	2.3	7.3
SB062617TAWCSCB44D31BR1TR1I363	CB44	31.0	38.414570000000026	-76.34564999999998	93683.0	48726.0	DNR	spr14	06	17	06 17	919	0.9937465804361779	0.11165900712169571	52020	0.9647302904564315	70498.75	461008.3333333333	59.43535674715759	47.224028499999996	20.0	18.69	0.5	7.3
SB060517TAWCSCB51D33BR1TR1I364	CB51	33.0	38.318700000000014	-76.29215	96798.0	56281.0	DNR	e_15_1	06	17	06 17	899	0.9731183372332618	-0.23030567023061269	49500	0.9580645161290323	249662.9166666667	576329.1666666667	39.603573146977055	35.372026	18.7	19.73	2.7	7.4
SB060517TAWCSCB53D5BR1TR1I352	CB53	0.0	37.91011000000001	-76.17137000000002	147261.0	86490.0	DNR	e_15_1	06	17	06 17	899	0.9731183372332618	-0.23030567023061269	39660	0.0	249662.9166666667	576329.1666666667	48.26315517337101	41.422445	22.3	10.3	8.9	8.4
SB060517TAWCSCB53D25BR2TR1I367	CB53	26.0	37.91011000000001	-76.17137000000002	117053.0	68252.0	DNR	e_15_1	06	17	06 17	899	0.9731183372332618	-0.23030567023061269	39660	0.9771812080536912	249662.9166666667	576329.1666666667	52.442183170902176	37.941815500000004	19.5	21.41	3.7	7.5
SB062617TAWCSCB53D25BR1TR1I366	CB53	25.0	37.91011000000001	-76.17137000000002	246926.0	125912.0	DNR	spr14	06	17	06 17	919	0.9937465804361779	0.11165900712169571	39780	0.9395973154362416	70498.75	461008.3333333333	49.58105063249712	46.495631	21.5	19.11	0.8	7.3
SB060517TAWCSCB54D25BR1TR1I368	CB54	1.0	37.800129999999974	-76.17465999999997	139915.0	83809.0	ODU	e_15_1	06	17	06 17	899	0.9731183372332618	-0.23030567023061269	50160	0.031189083820662766	249662.9166666667	576329.1666666667	65.24858360361617	38.6381175	22.884	11.65	9.59	8.54
SB060517TAWCSCB54D25BR1TR1I377	CB54	25.0	37.80013	-76.17466	779994.0	464363.0	ODU	e_15_1	06	17	06 17	899	0.9731183372332618	-0.23030567023061269	50160	0.7797270955165692	249662.9166666667	576329.1666666667	39.57411915029304	39.7925425	19.745	21.78	3.95	7.71
SB060517TAWCSCB71D20BR1TR1I374	CB71	1.0	37.683459999999975	-75.98966000000004	134262.0	82243.0	ODU	e_15_1	06	17	06 17	900	0.9769384927771818	-0.21352091543979532	28920	0.05555555555555555	249327.2916666667	588862.5	37.40359968563761	32.4898055	22.221999999999998	16.04	7.96	8.36
SB060517TAWCSCB71D20BR1TR1I383	CB71	16.0	37.683459999999975	-75.98965999999999	214148.0	125552.0	ODU	e_15_1	06	17	06 17	900	0.9769384927771818	-0.21352091543979532	28920	0.8888888888888888	249327.2916666667	588862.5	42.52186622814249	40.784315500000005	20.316	21.38	4.32	7.81
SB060517TAWCSCB61D11BR1TR1I370	CB61	1.0	37.58847000000001	-76.16216	241127.0	145231.0	ODU	e_15_1	06	17	06 17	899	0.9731183372332618	-0.23030567023061269	43620	0.08264462809917356	249662.9166666667	576329.1666666667	42.056801496137695	32.5260715	22.69	14.58	8.97	8.31
SB060517TAWCSCB61D11BR1TR1I379	CB61	11.0	37.58847000000002	-76.16216000000001	907759.0	551660.0	ODU	e_15_1	06	17	06 17	899	0.9731183372332618	-0.23030567023061269	43620	0.9090909090909092	249662.9166666667	576329.1666666667	34.24114387164763	38.169346000000004	19.594	21.25	2.93	7.56
SB060517TAWCSCB62D9BR1TR1I371	CB62	1.0	37.4868	-76.15632999999998	198413.0	119135.0	ODU	e_15_1	06	17	06 17	899	0.9731183372332618	-0.23030567023061269	37380	0.0975609756097561	249662.9166666667	576329.1666666667	41.8924889618332	32.651507499999994	22.596	14.03	9.12	8.31
SB060517TAWCSCB62D9BR1TR1I380	CB62	9.0	37.48680000000001	-76.15633000000003	286400.0	168853.0	ODU	e_15_1	06	17	06 17	899	0.9731183372332618	-0.23030567023061269	37380	0.8780487804878049	249662.9166666667	576329.1666666667	44.42121643985664	39.299781	20.278	21.07	4.01	7.63
SB060517TAWCSCB63D10BR1TR1I372	CB63	1.0	37.41152999999999	-76.15965999999997	186704.0	111249.0	ODU	e_15_1	06	17	06 17	899	0.9731183372332618	-0.23030567023061269	34860	0.08791208791208792	249662.9166666667	576329.1666666667	35.36982839172115	31.2089745	22.551	14.44	9.02	8.2
SB060517TAWCSCB63D10BR1TR1I381	CB63	10.0	37.41152999999998	-76.15966000000002	285797.0	175166.0	ODU	e_15_1	06	17	06 17	899	0.9731183372332618	-0.23030567023061269	34860	0.8791208791208791	249662.9166666667	576329.1666666667	47.41498298919032	38.5216705	20.513	21.65	4.21	7.6
SB060517TAWCSCB73D12BR1TR1I376	CB73	1.0	37.11681	-76.12521	161824.0	98672.0	ODU	e_15_1	06	17	06 17	907	0.9955213724144751	-0.09453674981720049	40620	0.0760233918128655	91049.06249999999	711922.9166666666	48.261867672325074	33.8722475	25.263	17.43	8.21	8.15
SB060517TAWCSCB73D12BR1TR1I385	CB73	12.0	37.11681	-76.12520999999997	49967.0	30299.0	ODU	e_15_1	06	17	06 17	907	0.9955213724144751	-0.09453674981720049	40620	0.912280701754386	91049.06249999999	711922.9166666666	73.7234908730733	47.175459000000004	18.986	29.59	6.24	7.86
SB071017TAWCSCB22D11BR2TR1I390	CB22	11.0	39.348730000000025	-76.17579	349675.0	212880.0	DNR	e_15_1	07	17	07 17	935	0.9259247771938499	0.37770796520396466	35700	0.9124423963133641	34380.10416666667	294008.3333333334	16.095736547874182	28.954401	27.1	1.12	6.6	7.5
SB071017TAWCSCB31D13BR1TR1I391	CB31	13.0	39.24950000000001	-76.24049999999995	131185.0	79147.0	DNR	e_15_1	07	17	07 17	935	0.9259247771938499	0.37770796520396466	33420	0.9339080459770116	34380.10416666667	294008.3333333334	28.847173420531284	35.931053999999996	25.5	6.31	3.0	7.3
SB071017TAWCSCB32D10BR1TR1I392	CB32	11.0	39.16369000000003	-76.30630999999995	147666.0	83435.0	DNR	spr14	07	17	07 17	935	0.9259247771938499	0.37770796520396466	31140	0.8888888888888888	34380.10416666667	294008.3333333334	67.41573806449351	46.8205615	23.6	10.95	0.48	7.2
SB071017TAWCSCB33CD5BR1TR1I388	CB33C	0.0	38.995959999999975	-76.35967000000002	129461.0	79508.0	DNR	e_15_1	07	17	07 17	934	0.9322892131745133	0.3617137307297678	53880	0.0	35425.31249999999	305929.1666666666	49.38232904803094	42.2017505	27.0	7.43	7.9	8.2
SB071717TAWCSCB33CD2BR1TR1I576	CB33C	2.0	38.99791873385773	-76.35911608868915	64688.0	39541.0	Preheim	e_15_2	07	17	07 17	940	0.8900275764346763	0.45590669350845936	34560	0.07891491985203453	29979.270833333332	292847.9166666666	34.04645163514371	35.418459000000006	27.21	7.63	6.38	7.83
SB071717TAWCSCB33CD6BR1TR1I578	CB33C	6.0	38.99791873385773	-76.35911608868915	440282.0	232439.0	Preheim	spr14	07	17	07 17	940	0.8900275764346763	0.45590669350845936	35880	0.23674475955610358	29979.270833333332	292847.9166666666	28.688113100764514	51.608017499999995	25.79	10.84	2.34	7.23
SB071717TAWCSCB33CD10BR1TR1I580	CB33C	10.0	38.99791873385773	-76.35911608868915	310864.0	160919.0	Preheim	spr14	07	17	07 17	940	0.8900275764346763	0.45590669350845936	36780	0.39457459926017263	29979.270833333332	292847.9166666666	19.085874754788136	50.47973399999999	23.34	16.89	0.21	7.16
SB071717TAWCSCB33CD12BR1TR1I581	CB33C	12.0	38.99791873385773	-76.35911608868915	171141.0	91283.0	Preheim	spr14	07	17	07 17	940	0.8900275764346763	0.45590669350845936	37260	0.47348951911220716	29979.270833333332	292847.9166666666	27.66056486042393	50.729376	23.27	18.17	0.19	7.18
SB071717TAWCSCB33CD14BR1TR1I582	CB33C	14.0	38.99791873385773	-76.35911608868915	55355.0	21163.0	Preheim	spr14	07	17	07 17	940	0.8900275764346763	0.45590669350845936	37680	0.5524044389642416	29979.270833333332	292847.9166666666	35.405540061832745	47.8013725	23.25	18.32	0.13	7.19
SB071017TAWCSCB33CD24BR1TR1I393	CB33C	24.0	38.995959999999975	-76.35966999999994	309443.0	189702.0	DNR	e_15_1	07	17	07 17	934	0.9322892131745133	0.3617137307297678	53880	0.9469790382244143	35425.31249999999	305929.1666666666	13.59129524716306	46.265652	22.7	13.53	0.39	7.2
SB071017TAWCSCB42CD26BR1TR1I395	CB42C	26.0	38.646179999999994	-76.42127000000005	154323.0	89993.0	DNR	e_15_1	07	17	07 17	934	0.9322892131745133	0.3617137307297678	40680	0.9433106575963719	35425.31249999999	305929.1666666666	38.559860769796025	48.76130850000001	22.6	17.11	0.41	7.3
SB071017TAWCSCB43CD27BR1TR1I396	CB43C	26.0	38.55505000000002	-76.42794000000002	179269.0	110498.0	DNR	e_15_1	07	17	07 17	934	0.9322892131745133	0.3617137307297678	35160	0.9438943894389439	35425.31249999999	305929.1666666666	47.44195537189702	52.788006499999995	22.8	17.45	0.41	7.3
SB071017TAWCSCB44D5BR1TR1I387	CB44	0.0	38.41457000000001	-76.34564999999998	218759.0	128829.0	DNR	e_15_1	07	17	07 17	933	0.9383773917408651	0.3456123126707307	44700	0.0	36723.4375	318483.33333333326	34.80284381790102	34.3758065	27.4	10.95	9.6	8.4
SB071017TAWCSCB44D31BR1TR1I397	CB44	31.0	38.414570000000026	-76.34564999999998	179962.0	107572.0	DNR	e_15_1	07	17	07 17	933	0.9383773917408651	0.3456123126707307	44700	0.9647302904564315	36723.4375	318483.33333333326	77.1326106710676	47.52329500000001	24.6	19.73	1.4	7.4
SB071017TAWCSCB51D33BR1TR1I398	CB51	33.0	38.318700000000014	-76.29215	135307.0	82023.0	DNR	e_15_1	07	17	07 17	933	0.9383773917408651	0.3456123126707307	41400	0.9580645161290323	36723.4375	318483.33333333326	62.994897553575385	43.48088900000001	24.7	20.85	1.6	7.4
SB071017TAWCSCB54D25BR1TR1I402	CB54	1.0	37.80012999999999	-76.17465999999997	174032.0	103994.0	ODU	e_15_1	07	17	07 17	936	0.9192859697186108	0.393590276656466	51420	0.031189083820662766	33365.31250000001	283752.0833333334	27.19738616321541	33.6233035	28.699	13.32	8.62	8.39
SB071017TAWCSCB54D25BR2TR1I412	CB54	25.0	37.80013	-76.17466	188682.0	117180.0	ODU	e_15_1	07	17	07 17	936	0.9192859697186108	0.393590276656466	51420	0.7797270955165692	33365.31250000001	283752.0833333334	65.36944242421218	44.529222999999995	24.703000000000003	23.8	2.12	7.53
SB071017TAWCSCB71D20BR1TR1I408	CB71	1.0	37.683459999999975	-75.98966000000001	701668.0	412534.0	ODU	e_15_1	07	17	07 17	937	0.9123747579707279	0.40935595881562026	42240	0.05555555555555555	32524.166666666668	275795.8333333334	38.85967733496132	39.143141	29.22	16.94	7.47	8.22
SB071017TAWCSCB71D20BR1TR1I417	CB71	16.0	37.683459999999975	-75.98965999999999	110446.0	70238.0	ODU	e_15_2	07	17	07 17	937	0.9123747579707279	0.40935595881562026	42240	0.8888888888888888	32524.166666666668	275795.8333333334	81.98381158793165	46.3902055	25.573	22.39	2.42	7.56
SB071017TAWCSCB61D11BR1TR1I404	CB61	1.0	37.58847000000001	-76.16216	162924.0	98685.0	ODU	e_15_2	07	17	07 17	936	0.9192859697186108	0.393590276656466	45180	0.08264462809917356	33365.31250000001	283752.0833333334	30.96752255339261	35.8850475	28.664	15.12	8.33	8.29
SB071017TAWCSCB62D9BR1TR1I405	CB62	1.0	37.4868	-76.15632999999998	297513.0	185804.0	ODU	e_15_1	07	17	07 17	936	0.9192859697186108	0.393590276656466	37980	0.0975609756097561	33365.31250000001	283752.0833333334	34.985839459332425	37.8298735	28.41	16.42	7.74	8.2
SB071017TAWCSCB63D10BR1TR1I406	CB63	1.0	37.41152999999999	-76.15965999999997	135197.0	81313.0	ODU	e_15_1	07	17	07 17	936	0.9192859697186108	0.393590276656466	35820	0.08791208791208792	33365.31250000001	283752.0833333334	22.517762819921302	34.962625	28.394000000000002	16.97	7.34	8.12
SB071017TAWCSCB72D20BR1TR1I409	CB72	1.0	37.41153	-76.07966	207988.0	125029.0	ODU	e_15_1	07	17	07 17	937	0.9123747579707279	0.40935595881562026	49200	0.04669260700389105	32524.166666666668	275795.8333333334	39.09382172663826	37.050814	29.564	16.71	7.96	8.3
SB071017TAWCSCB73D12BR1TR1I410	CB73	1.0	37.11681	-76.12521000000002	195310.0	115594.0	ODU	e_15_1	07	17	07 17	940	0.8900275764346763	0.45590669350845936	38700	0.0760233918128655	29979.270833333332	292847.9166666666	28.901611893382835	36.7388115	27.39	20.83	7.17	8.18
SB071017TAWCSCB73D12BR1TR1I419	CB73	12.0	37.11681	-76.12520999999997	110109.0	70111.0	ODU	e_15_2	07	17	07 17	940	0.8900275764346763	0.45590669350845936	38700	0.912280701754386	29979.270833333332	292847.9166666666	91.43901666267773	39.4071095	20.059	29.58	6.7	7.95
SB080717TAWCSCB22D11BR1TR1I423	CB22	10.0	39.348730000000025	-76.17579	401580.0	173353.0	DNR	spr14	08	17	08 17	964	0.6321034111873499	0.7748840413670397	37380	0.8294930875576036	22241.770833333332	466083.33333333343	27.885466132193194	38.4413645	25.8	2.83	5.0	7.3
SB082817TAWCSCB22D11BR2TR1I458	CB22	11.0	39.348730000000025	-76.17579	202866.0	106088.0	DNR	spr14	08	17	08 17	985	0.3171912885891047	0.948361580012172	37800	0.9124423963133641	19938.020833333332	181655.20833333334	49.50065684469465	43.218931	25.2	9.78	2.3	7.3
SB080717TAWCSCB31D13BR1TR1I425	CB31	13.0	39.24950000000001	-76.24049999999995	302510.0	188823.0	DNR	e_15_2	08	17	08 17	964	0.6321034111873499	0.7748840413670397	34200	0.9339080459770116	22241.770833333332	466083.33333333343	51.92515275376822	47.5255705	25.7	10.17	1.0	7.3
SB082817TAWCSCB31D13BR1TR1I459	CB31	11.0	39.24950000000001	-76.24049999999995	503108.0	316529.0	DNR	e_15_2	08	17	08 17	985	0.3171912885891047	0.948361580012172	34140	0.7902298850574714	19938.020833333332	181655.20833333334	20.636796147815627	46.565634499999994	25.4	15.0	0.4	7.2
SB082817TAWCSCB32D10BR1TR1I460	CB32	11.0	39.163689999999974	-76.30630999999995	101995.0	63666.0	DNR	e_15_2	08	17	08 17	985	0.3171912885891047	0.948361580012172	30180	0.8888888888888888	19938.020833333332	181655.20833333334	21.287868281881654	47.442412	25.6	17.59	0.0	7.2
SB080717TAWCSCB32D10BR1TR1I426	CB32	10.0	39.16368999999999	-76.30630999999995	247476.0	122717.0	DNR	spr14	08	17	08 17	964	0.6321034111873499	0.7748840413670397	30840	0.8080808080808081	22241.770833333332	466083.33333333343	64.44457937096843	46.46609599999999	25.6	13.46	0.1	7.3
SB082817TAWCSCB33CD5BR1TR1I456	CB33C	0.0	38.995959999999975	-76.35967	62338.0	38109.0	DNR	e_15_2	08	17	08 17	985	0.3171912885891047	0.948361580012172	53520	0.0	19938.020833333332	181655.20833333334	58.56120679444312	38.2882855	25.7	9.2	13.1	8.7
SB081417TAWCSCB33CD2BR1TR1I589	CB33C	2.0	38.99813	-76.35878	377292.0	205702.0	Preheim	spr14	08	17	08 17	968	0.5772916165517274	0.816538051445916	33960	0.07891491985203453	25207.812500000004	349852.0833333333	48.69214115902546	41.823025	25.89	8.39	7.83	8.26
SB081417TAWCSCB33CD6BR1TR1I591	CB33C	6.0	38.99813	-76.35878	384299.0	200905.0	Preheim	spr14	08	17	08 17	968	0.5772916165517274	0.816538051445916	35340	0.23674475955610358	25207.812500000004	349852.0833333333	77.68415424840398	44.513314	25.84	10.51	4.15	7.61
SB081417TAWCSCB33CD8BR1TR1I592	CB33C	8.0	38.99813	-76.35878	388797.0	203600.0	Preheim	spr14	08	17	08 17	968	0.5772916165517274	0.816538051445916	35820	0.3156596794081381	25207.812500000004	349852.0833333333	85.05217010436094	51.975001000000006	25.83	14.32	1.06	7.23
SB081417TAWCSCB33CD10BR1TR1I593	CB33C	10.0	38.99813	-76.35878	352175.0	183956.0	Preheim	spr14	08	17	08 17	968	0.5772916165517274	0.816538051445916	36660	0.39457459926017263	25207.812500000004	349852.0833333333	26.802379517962862	52.9609945	25.8	16.8	0.23	7.2
SB081417TAWCSCB33CD20BR1TR1I598	CB33C	20.0	38.99813	-76.35878	285182.0	151385.0	Preheim	spr14	08	17	08 17	968	0.5772916165517274	0.816538051445916	39660	0.7891491985203453	25207.812500000004	349852.0833333333	26.704074621365546	52.689638	25.83	21.03	0.13	7.32
SB082817TAWCSCB33CD24BR1TR1I461	CB33C	24.0	38.995959999999975	-76.35966999999994	101611.0	66376.0	DNR	e_15_2	08	17	08 17	985	0.3171912885891047	0.948361580012172	53520	0.9469790382244143	19938.020833333332	181655.20833333334	11.366460936432686	44.5940205	25.6	18.48	0.5	7.4
SB080717TAWCSCB33CD24BR1TR1I427	CB33C	24.0	38.995959999999975	-76.35966999999995	247120.0	137188.0	DNR	spr14	08	17	08 17	963	0.645348113229551	0.763888612790542	56100	0.9469790382244143	21497.604166666664	524660.4166666667	48.049945129384355	50.7487855	25.6	17.93	0.49	7.4
SB080717TAWCSCB42CD26BR1TR1I429	CB42C	26.0	38.646179999999994	-76.42127000000005	766307.0	482370.0	DNR	e_15_2	08	17	08 17	963	0.645348113229551	0.763888612790542	42900	0.9433106575963719	21497.604166666664	524660.4166666667	55.68714440939154	43.8759765	25.7	20.78	0.77	7.4
SB082817TAWCSCB42CD26BR1TR1I463	CB42C	26.0	38.646179999999994	-76.42127000000005	885334.0	537183.0	DNR	e_15_2	08	17	08 17	985	0.3171912885891047	0.948361580012172	40920	0.9433106575963719	19938.020833333332	181655.20833333334	44.84435742686903	49.222087	25.7	19.45	0.6	7.4
SB080717TAWCSCB43CD27BR1TR1I430	CB43C	26.0	38.55505000000002	-76.42794000000002	130222.0	81004.0	DNR	e_15_2	08	17	08 17	963	0.645348113229551	0.763888612790542	36780	0.9438943894389439	21497.604166666664	524660.4166666667	39.93703968179401	47.692163	25.4	21.9	1.4	7.5
SB082817TAWCSCB43CD27BR1TR1I464	CB43C	27.0	38.555050000000016	-76.42794000000002	230851.0	146243.0	DNR	e_15_2	08	17	08 17	985	0.3171912885891047	0.948361580012172	35400	0.9801980198019802	19938.020833333332	181655.20833333334	38.6707891532893	48.6437775	25.8	19.52	0.6	7.4
SB080717TAWCSCB44D5BR1TR1I421	CB44	0.0	38.41457000000001	-76.34564999999998	399861.0	243882.0	DNR	e_15_2	08	17	08 17	962	0.6584015846980493	0.7526668275320081	53340	0.0	21345.104166666664	573252.0833333333	34.218777734942215	39.57113	25.9	12.0	7.6	8.1
SB082817TAWCSCB44D5BR1TR1I455	CB44	0.0	38.41457000000001	-76.34564999999998	114092.0	65659.0	DNR	e_15_2	08	17	08 17	984	0.3334687789181884	0.9427611433904202	59820	0.0	20495.9375	187316.66666666666	56.456229455281076	48.938328000000006	25.6	12.0	8.4	8.2
SB080717TAWCSCB44D31BR1TR1I431	CB44	31.0	38.414570000000026	-76.34564999999998	129617.0	81015.0	DNR	e_15_2	08	17	08 17	962	0.6584015846980493	0.7526668275320081	53340	0.9647302904564315	21345.104166666664	573252.0833333333	74.72008875975307	52.9039525	25.1	22.81	2.0	7.6
SB082817TAWCSCB44D31BR1TR1I465	CB44	31.0	38.414570000000026	-76.34564999999998	82487.0	51167.0	DNR	e_15_2	08	17	08 17	984	0.3334687789181884	0.9427611433904202	59820	0.9647302904564315	20495.9375	187316.66666666666	60.36559016644846	49.900727	26.3	19.94	1.8	7.5
SB080717TAWCSCB51D33BR1TR1I432	CB51	33.0	38.318700000000014	-76.29215	385721.0	242724.0	DNR	e_15_2	08	17	08 17	962	0.6584015846980493	0.7526668275320081	50100	0.9580645161290323	21345.104166666664	573252.0833333333	52.18268720685765	49.6046475	25.1	22.81	2.4	7.6
SB082817TAWCSCB51D33BR1TR1I466	CB51	33.0	38.318700000000014	-76.29215	176343.0	97883.0	DNR	spr14	08	17	08 17	984	0.3334687789181884	0.9427611433904202	57120	0.9580645161290323	20495.9375	187316.66666666666	34.24113657576045	46.01365	26.3	20.43	4.6	7.8
SB080717TAWCSCB53D5BR1TR1I420	CB53	0.0	37.91011000000001	-76.17137000000002	68998.0	40712.0	DNR	e_15_2	08	17	08 17	962	0.6584015846980493	0.7526668275320081	39780	0.0	21345.104166666664	573252.0833333333	44.32875976151363	39.668066	26.1	13.93	7.1	8.1
SB082817TAWCSCB53D5BR1TR1I454	CB53	0.0	37.91011000000001	-76.17137000000002	78724.0	48378.0	DNR	e_15_2	08	17	08 17	984	0.3334687789181884	0.9427611433904202	48120	0.0	20495.9375	187316.66666666666	69.44145865516917	45.5634585	25.0	15.07	7.4	8.0
SB082817TAWCSCB53D25BR1TR1I468	CB53	25.0	37.910110000000024	-76.17137000000002	104409.0	66197.0	DNR	e_15_2	08	17	08 17	984	0.3334687789181884	0.9427611433904202	48120	0.9395973154362416	20495.9375	187316.66666666666	71.58017049205056	47.072827	25.7	20.01	5.5	7.9
SB082817TAWCSCB54D25BR1TR1I470	CB54	1.0	37.80012999999999	-76.17465999999997	116186.0	71343.0	ODU	e_15_2	08	17	08 17	990	0.23449138957040755	0.9721181966290618	49980	0.031189083820662766	18661.854166666664	158044.58333333334	27.834700961957125	42.0935185	24.364	16.12	8.31	8.05
SB080717TAWCSCB54D25BR2TR1I437	CB54	1.0	37.800129999999974	-76.17465999999997	27513.0	10476.0	ODU	spr14	08	17	08 17	963	0.645348113229551	0.763888612790542	51600	0.031189083820662766	21497.604166666664	524660.4166666667	46.549380415849676	38.2472515	26.961	15.04	8.21	8.14
SB080717TAWCSCB54D25BR2TR1I446	CB54	25.0	37.80013	-76.17466	177172.0	109095.0	ODU	e_15_2	08	17	08 17	963	0.645348113229551	0.763888612790542	51600	0.7797270955165692	21497.604166666664	524660.4166666667	63.34136706049567	47.0723725	25.089000000000002	22.76	2.13	7.48
SB082817TAWCSCB54D25BR2TR1I480	CB54	25.0	37.80013	-76.17466	118725.0	74556.0	ODU	e_15_2	08	17	08 17	990	0.23449138957040755	0.9721181966290618	49980	0.7797270955165692	18661.854166666664	158044.58333333334	79.69559793934192	47.787232	24.193	24.94	4.45	7.7
SB080717TAWCSCB71D20BR1TR1I442	CB71	1.0	37.683459999999975	-75.98966000000001	139638.0	88133.0	ODU	e_15_2	08	17	08 17	963	0.645348113229551	0.763888612790542	40680	0.05555555555555555	21497.604166666664	524660.4166666667	38.96564099444414	39.432788	25.778000000000002	18.47	7.3	8.09
SB080717TAWCSCB71D20BR1TR1I451	CB71	16.0	37.683459999999975	-75.98965999999999	158432.0	87592.0	ODU	spr14	08	17	08 17	963	0.645348113229551	0.763888612790542	40680	0.8888888888888888	21497.604166666664	524660.4166666667	61.78354231095773	47.7308485	25.309	22.0	3.28	7.65
SB080717TAWCSCB61D11BR1TR1I447	CB61	12.0	37.58847000000002	-76.16216000000001	80643.0	48655.0	ODU	e_15_2	08	17	08 17	964	0.6321034111873499	0.7748840413670397	28260	0.9917355371900827	22241.770833333332	466083.33333333343	44.85111717863906	45.584228	25.225	21.85	3.25	7.69
SB080717TAWCSCB62D9BR1TR1I439	CB62	1.0	37.4868	-76.15633000000001	815178.0	497131.0	ODU	e_15_2	08	17	08 17	964	0.6321034111873499	0.7748840413670397	36600	0.0975609756097561	22241.770833333332	466083.33333333343	35.686141378429	41.421879	25.9	17.43	7.26	8.13
SB082817TAWCSCB62D9BR1TR1I473	CB62	1.0	37.4868	-76.15632999999998	845829.0	528502.0	ODU	e_15_2	08	17	08 17	990	0.23449138957040755	0.9721181966290618	36180	0.0975609756097561	18661.854166666664	158044.58333333334	53.71778287124761	49.296759	24.033	17.11	7.88	8.03
SB082817TAWCSCB62D9BR1TR1I482	CB62	10.0	37.48680000000001	-76.15633000000003	319711.0	199708.0	ODU	e_15_2	08	17	08 17	990	0.23449138957040755	0.9721181966290618	36180	0.975609756097561	18661.854166666664	158044.58333333334	94.01032381658636	49.792657	23.953000000000003	24.56	4.88	7.73
SB080717TAWCSCB62D9BR1TR1I448	CB62	9.0	37.48679999999996	-76.15632999999991	127777.0	65401.0	ODU	spr14	08	17	08 17	964	0.6321034111873499	0.7748840413670397	36600	0.8780487804878049	22241.770833333332	466083.33333333343	50.62429767424359	44.5681315	25.534000000000002	20.15	4.3	7.8
SB080717TAWCSCB63D10BR1TR1I440	CB63	1.0	37.41152999999999	-76.15966	65181.0	39813.0	ODU	e_15_2	08	17	08 17	963	0.645348113229551	0.763888612790542	33060	0.08791208791208792	21497.604166666664	524660.4166666667	39.94272756758761	47.4740175	25.51	18.38	6.79	8.09
SB082817TAWCSCB63D10BR1TR1I474	CB63	1.0	37.41152999999999	-76.15965999999997	102359.0	63715.0	ODU	e_15_2	08	17	08 17	990	0.23449138957040755	0.9721181966290618	33960	0.08791208791208792	18661.854166666664	158044.58333333334	60.04721560216858	43.90351100000001	23.925	17.99	7.7	7.95
SB080717TAWCSCB72D20BR1TR1I443	CB72	1.0	37.41152999999999	-76.07966000000003	108227.0	55510.0	ODU	spr14	08	17	08 17	964	0.6321034111873499	0.7748840413670397	41220	0.04669260700389105	22241.770833333332	466083.33333333343	52.28602088582329	41.95799	25.599	18.92	7.77	8.17
SB080717TAWCSCB63D10BR1TR1I449	CB63	10.0	37.41152999999998	-76.15966000000002	108552.0	66443.0	ODU	e_15_2	08	17	08 17	963	0.645348113229551	0.763888612790542	33060	0.8791208791208791	21497.604166666664	524660.4166666667	57.20058265081971	45.710984	25.103	22.53	4.49	7.8
SB082817TAWCSCB63D10BR1TR1I483	CB63	9.0	37.41152999999998	-76.15966000000002	221328.0	137613.0	ODU	e_15_2	08	17	08 17	990	0.23449138957040755	0.9721181966290618	33960	0.7912087912087912	18661.854166666664	158044.58333333334	77.73916294564178	46.963408	23.896	25.1	4.98	7.73
SB080717TAWCSCB72D20BR1TR1I452	CB72	21.0	37.41152999999998	-76.07966000000003	122840.0	76517.0	ODU	e_15_2	08	17	08 17	964	0.6321034111873499	0.7748840413670397	41220	0.980544747081712	22241.770833333332	466083.33333333343	73.02544207921298	46.282139	24.889	24.27	4.59	7.78
SB080717TAWCSCB73D12BR1TR1I444	CB73	1.0	37.11681	-76.12521000000007	426988.0	262334.0	ODU	e_15_2	08	17	08 17	964	0.6321034111873499	0.7748840413670397	51360	0.0760233918128655	22241.770833333332	466083.33333333343	38.02760314109366	42.2116375	25.968000000000004	21.66	7.62	8.07
SB082817TAWCSCB73D12BR1TR1I478	CB73	1.0	37.11681	-76.12521	99770.0	62762.0	ODU	e_15_2	08	17	08 17	985	0.3171912885891047	0.948361580012172	40500	0.0760233918128655	19938.020833333332	181655.20833333334	51.67734844393701	44.088883	24.839000000000002	22.66	8.0	8.09
SB080717TAWCSCB73D12BR1TR1I453	CB73	12.0	37.11681	-76.12520999999997	186237.0	101147.0	ODU	spr14	08	17	08 17	964	0.6321034111873499	0.7748840413670397	51360	0.912280701754386	22241.770833333332	466083.33333333343	78.63649216612528	39.545071500000006	23.38	27.92	6.36	7.87
SB091817TAWCSCB33CD5BR1TR1I490	CB33C	0.0	38.995959999999975	-76.35967000000002	614054.0	381819.0	DNR	e_15_2	09	17	09 17	1011	-0.12447926388678732	0.9922222094179325	54660	0.0	13301.124999999998	82687.70833333333	29.131684133911282	36.9726805	24.9	13.33	9.1	8.3
SB091817TAWCSCB33CD24BR1TR1I495	CB33C	24.0	38.995959999999975	-76.35966999999995	92163.0	57500.0	DNR	e_15_2	09	17	09 17	1011	-0.12447926388678732	0.9922222094179325	54660	0.9469790382244143	13301.124999999998	82687.70833333333	75.76984867485484	49.8882235	23.6	19.17	1.3	7.3
SB091817TAWCSCB42CD26BR1TR1I497	CB42C	26.0	38.646179999999994	-76.42127000000005	1089369.0	673213.0	DNR	e_15_2	09	17	09 17	1011	-0.12447926388678732	0.9922222094179325	41400	0.9433106575963719	13301.124999999998	82687.70833333333	71.27200426547058	51.11142200000001	23.4	21.2	3.9	7.6
SB091817TAWCSCB43CD27BR1TR1I498	CB43C	27.0	38.55505000000002	-76.42794000000002	205212.0	126186.0	DNR	e_15_2	09	17	09 17	1011	-0.12447926388678732	0.9922222094179325	35520	0.9801980198019802	13301.124999999998	82687.70833333333	59.47735641606685	49.360689	23.5	21.76	4.3	7.7
SB091817TAWCSCB44D5BR1TR1I489	CB44	0.0	38.414570000000026	-76.34564999999998	261547.0	121166.0	DNR	spr14	09	17	09 17	1010	-0.10738134666416169	0.9942179068939521	49980	0.0	13914.833333333332	85835.41666666666	46.8325958531439	38.05828149999999	25.0	14.46	9.1	8.3
SB091817TAWCSCB44D31BR1TR1I499	CB44	31.0	38.41457000000001	-76.34564999999998	169009.0	107526.0	DNR	e_15_2	09	17	09 17	1010	-0.10738134666416169	0.9942179068939521	49980	0.9647302904564315	13914.833333333332	85835.41666666666	89.9089985075388	50.137635499999995	23.5	22.46	4.8	7.8
SB091817TAWCSCB51D33BR1TR1I500	CB51	33.0	38.318700000000014	-76.29215	146265.0	92072.0	DNR	e_15_2	09	17	09 17	1010	-0.10738134666416169	0.9942179068939521	46980	0.9580645161290323	13914.833333333332	85835.41666666666	85.55307406631374	49.87573500000001	23.5	22.88	4.9	7.8
SB091817TAWCSCB53D5BR1TR1I488	CB53	0.0	37.91011000000001	-76.17137000000002	795212.0	489219.0	DNR	e_15_2	09	17	09 17	1010	-0.10738134666416169	0.9942179068939521	38040	0.0	13914.833333333332	85835.41666666666	68.30231062785249	45.44842	24.9	14.06	8.5	8.2
SB091817TAWCSCB53D25BR2TR1I503	CB53	25.0	37.910109999999996	-76.17137000000002	128987.0	80911.0	DNR	e_15_2	09	17	09 17	1010	-0.10738134666416169	0.9942179068939521	38040	0.9395973154362416	13914.833333333332	85835.41666666666	84.24151255491986	49.326497	23.6	24.3	5.1	7.8
SB091817TAWCSCB54D25BR2TR1I505	CB54	1.0	37.80012999999999	-76.17465999999997	36611.0	10179.0	ODU	spr14	09	17	09 17	1006	-0.038722280892175276	0.9992500112396835	55320	0.031189083820662766	18420.104166666668	97762.5	49.74182002318482	37.772496000000004	24.660999999999998	14.99	8.55	8.13
SB091817TAWCSCB71D20BR1TR1I510	CB71	1.0	37.683459999999975	-75.98966	67142.0	41343.0	ODU	e_15_2	09	17	09 17	1006	-0.038722280892175276	0.9992500112396835	40980	0.05555555555555555	18420.104166666668	97762.5	69.42967863555593	42.9529095	24.031999999999996	19.44	8.08	7.98
SB091817TAWCSCB71D20BR1TR1I520	CB71	18.0	37.683459999999975	-75.98965999999999	184253.0	114181.0	ODU	e_15_2	09	17	09 17	1006	-0.038722280892175276	0.9992500112396835	40980	1.0	18420.104166666668	97762.5	103.05418377684113	49.5004305	23.392	23.69	6.05	7.88
SB091817TAWCSCB62D9BR1TR1I507	CB62	1.0	37.4868	-76.15632999999998	89600.0	54247.0	ODU	e_15_2	09	17	09 17	1007	-0.055916990100603414	0.9984354211555643	36000	0.0975609756097561	17721.5625	95527.91666666666	68.27227983971855	43.964342	24.194000000000003	16.74	7.64	8.09
SB091817TAWCSCB62D9BR1TR1I517	CB62	10.0	37.48680000000001	-76.15633000000003	247122.0	142046.0	ODU	spr14	09	17	09 17	1007	-0.055916990100603414	0.9984354211555643	36000	0.975609756097561	17721.5625	95527.91666666666	73.98586383885353	50.8241575	23.614	24.36	5.47	7.87
SB091817TAWCSCB72D20BR1TR1I511	CB72	1.0	37.41152999999999	-76.07966000000003	119169.0	75152.0	ODU	e_15_2	09	17	09 17	1006	-0.038722280892175276	0.9992500112396835	32820	0.04669260700389105	18420.104166666668	97762.5	70.48002186540516	45.8176115	23.67	19.39	7.75	8.1
SB091817TAWCSCB63D10BR1TR1I508	CB63	1.0	37.41152999999999	-76.15965999999997	315477.0	169847.0	ODU	spr14	09	17	09 17	1006	-0.038722280892175276	0.9992500112396835	30540	0.08791208791208792	18420.104166666668	97762.5	68.28004218910867	46.101933	23.865	16.51	7.97	8.19
SB091817TAWCSCB63D10BR1TR1I518	CB63	10.0	37.41153	-76.15966000000002	90694.0	56800.0	ODU	e_15_2	09	17	09 17	1006	-0.038722280892175276	0.9992500112396835	30540	0.8791208791208791	18420.104166666668	97762.5	100.54033728387724	49.7804435	23.616	24.27	6.0	7.97
SB091817TAWCSCB72D20BR1TR1I521	CB72	20.0	37.41152999999998	-76.07966000000003	79509.0	47539.0	ODU	e_15_2	09	17	09 17	1006	-0.038722280892175276	0.9992500112396835	32820	0.9338521400778209	18420.104166666668	97762.5	91.6091211708478	42.949424500000006	23.519000000000002	29.3	6.06	7.94
SB091817TAWCSCB73D12BR1TR1I522	CB73	13.0	37.11681	-76.12520999999997	251527.0	136818.0	ODU	spr14	09	17	09 17	1007	-0.055916990100603414	0.9984354211555643	44160	0.9883040935672515	17721.5625	95527.91666666666	80.53008499152861	46.8288055	23.803	27.34	6.27	7.96
