Samples	StationName	depth_float	Latitude	Longitude	RawCount	TrimCount	CollectionAgency	sequencing_ID	Month	Year	Month_Year	julian_day	day_length	anti_day_length	julian_seconds	Depth_Percentage	Discharge_James_14	Discharge_Susquehanna_14	enspie	faith_pd	TON	TP	TN	PN	PP	PC	TSS	NO2F	DON	DIN	NH4F	NO23F	DOP	CHLA	NO3F	PHEO	PO4F	TDN	TDP	SALINITY	SIGMA_T	SPCOND	DO	PH	WTEMP
SB071116TAWCSCB22D11BR2TR2I616	CB22	11.0	39.348730000000025	-76.17579	474386.0	158534.0	DNR	e_13	07	16	07 16	571	0.9192859697186107	0.39359027665646623	36720	0.9124423963133641	95901.35416666667	93274.58333333333	39.20869072924971	38.5287905	0.485	0.0363	0.6629999999999999	0.153	0.0267	0.866	14.8	0.004	0.332	0.17800000000000002	0.027999999999999997	0.15	0.006	6.622000000000001	0.146	3.695	0.0036	0.51	0.0096	6.43	1.47034	11700.0	5.3	7.2	26.8
SB071116TAWCSCB33CD24BR1TR2I611	CB33C	24.0	38.995959999999975	-76.35966999999995	429606.0	152147.0	DNR	e_13	07	16	07 16	570	0.9259247771938499	0.3777079652039648	55200	0.9469790382244143	104497.91666666666	95166.875	69.4034594208686	46.648208000000004	0.3938	0.0566	0.627	0.062	0.008400000000000001	0.257	6.4	0.0014	0.3318	0.2332	0.23	0.0032	0.0078	0.961	0.002433333333333333	0.235	0.040400000000000005	0.565	0.0482	18.21	11.48376	29600.0	0.36	7.2	22.6
SB071116TAWCSCB43CD26BR1TR1I151	CB43C	27.0	38.55505000000002	-76.42794000000002	8064.0	3774.0	DNR	KM	07	16	07 16	570	0.9259247771938499	0.3777079652039648	36720	0.9801980198019802	104497.91666666666	95166.875	47.414729120647756	36.922038	0.3952	0.0468	0.55	0.05	0.0072	0.244	9.2	0.0069	0.3452	0.1548	0.138	0.0168	0.0167	0.748	0.0099	0.374	0.0229	0.5	0.0396	19.94	12.63068	32100.0	0.74	7.3	23.2
SB071116TAWCSCB51D33BR1TR1I153	CB51	33.0	38.318700000000014	-76.29215	499339.0	177329.0	DNR	e_13	07	16	07 16	569	0.9322892131745139	0.3617137307297663	53340	0.9580645161290323	113796.77083333333	96602.29166666667	33.45071096738495	44.683372	0.2992	0.0553	0.5579999999999999	0.048	0.0076	0.235	6.2	0.0094	0.2512	0.2588	0.24	0.0188	0.018000000000000002	0.534	0.0094	0.214	0.0297	0.51	0.0477	20.85	13.42501	33400.0	0.5	7.3	22.8
SB071116TAWCSCB52D29BR1TR2I619	CB52	29.0	38.137050000000016	-76.22786999999995	499592.0	176422.0	DNR	e_13	07	16	07 16	569	0.9322892131745139	0.3617137307297663	48840	0.943089430894309	113796.77083333333	96602.29166666667	61.35171384281986	46.59091	0.3733	0.039	0.494	0.064	0.0085	0.373	10.0	0.0088	0.3093	0.1207	0.105	0.0157	0.0158	1.709	0.0069	1.1320000000000001	0.0147	0.43	0.0305	20.22	12.51187	32500.0	3.2	7.6	24.4
SB071116TAWCSCB53D25BR2TR2I615	CB53	25.0	37.91011000000001	-76.17137000000002	376934.0	121417.0	DNR	e_13	07	16	07 16	569	0.9322892131745139	0.3617137307297663	44040	0.9395973154362416	113796.77083333333	96602.29166666667	69.79045561981087	46.43868300000001	0.4081	0.0412	0.518	0.098	0.0155	0.633	15.8	0.0045	0.3101	0.1099	0.092	0.0179	0.0107	1.335	0.0134	2.496	0.015	0.42	0.0257	21.97	13.71609	35000.0	4.1	7.7	24.8
SB071116TAWCSCB71D20BR1TR1I167	CB71	16.0	37.683459999999975	-75.98965999999999	65927.0	34387.0	ODU	spr14	07	16	07 16	570	0.9259247771938499	0.3777079652039648	49620	0.8888888888888888	104497.91666666666	95166.875	39.21023028768143	41.161412	0.2368	0.0237	0.3538	0.06629	0.0093	0.368	6.84	0.004	0.1705	0.11699999999999999	0.105	0.012	-0.0031	2.5365	0.008	1.368	0.0175	0.2875	0.0144	23.03	14.26983	36476.0	3.78	7.7	25.639
SB071116TAWCSCB62D9BR1TR1I161	CB62	9.0	37.48680000000001	-76.15633000000003	14964.0	6934.0	ODU	spr14	07	16	07 16	569	0.9322892131745139	0.3617137307297663	52920	0.8780487804878049	113796.77083333333	96602.29166666667	55.45772046820497	36.947672	0.2696	0.0209	0.3452	0.10283	0.0134	0.5838300000000001	9.6	0.0029	0.1668	0.0756	0.0675	0.0081	-0.002	3.2039999999999997	0.0052	1.368	0.0095	0.2424	0.0075	23.02	14.40979	36450.0	3.25	7.61	25.135
SB071116TAWCSCB63D10BR1TR1I163	CB63	11.0	37.41152999999998	-76.15966000000002	386714.0	173041.0	ODU	KM	07	16	07 16	569	0.9322892131745139	0.3617137307297663	50820	0.967032967032967	113796.77083333333	96602.29166666667	75.43030533755342	46.929166	0.2546	0.0272	0.3508	0.08889	0.0149	0.51452	10.48	0.0033	0.1657	0.0962	0.0898	0.0064	-0.003	2.2695	0.0031	1.368	0.0153	0.2619	0.0123	24.02	15.09808	37882.0	4.06	7.7	25.355
SB071116TAWCSCB72D20BR1TR1I169	CB72	20.0	37.41152999999998	-76.07966000000003	16927.0	7513.0	ODU	KM	07	16	07 16	569	0.9322892131745139	0.3617137307297663	48720	0.9338521400778209	113796.77083333333	96602.29166666667	81.13953486601244	38.9329365	0.2373	0.0377	0.3089	0.09109	0.0167	0.54374	16.8	0.0017	0.1462	0.0716	0.0684	0.0032	0.0022	1.6019999999999999	0.0015	1.7622	0.0188	0.2178	0.021	26.21	16.877010000000002	40970.0	5.06	7.81	24.913
SB071116TAWCSCB64D10BR1TR1I165	CB64	8.0	37.23653000000001	-76.20798999999995	35603.0	16281.0	ODU	KM	07	16	07 16	571	0.9192859697186107	0.39359027665646623	31680	0.8571428571428571	95901.35416666667	93274.58333333333	71.54720522850927	42.634996	0.235	0.0255	0.2975	0.07481	0.0086	0.39349	5.72	0.0026	0.1602	0.0625	0.0556	0.0069	-0.001	2.5365	0.0043	1.368	0.0179	0.2227	0.0169	25.26	16.22006	39620.0	3.79	7.69	24.71
SB071116TAWCSCB74D13BR2TR1I173	CB74	14.0	36.995699999999964	-76.02047999999998	146033.0	65459.0	ODU	KM	07	16	07 16	569	0.9322892131745139	0.3617137307297663	33900	0.9333333333333333	113796.77083333333	96602.29166666667	65.79507147499835	37.1816635	0.15275	0.0156	0.1601	0.04879	0.0057	0.24004	5.86	0.0008	0.10395	0.0073500000000000015	0.0071	0.0003	-0.0016	1.368	-0.00035	1.368	0.0115	0.1113	0.0099	31.45	22.31216	48151.0	6.45	7.88	19.572
SB081216TAWCSCB22D11BR1TR2I617	CB22	11.0	39.348730000000025	-76.17579	644320.0	222635.0	DNR	e_13	08	16	08 16	599	0.6321034111873484	0.7748840413670409	36180	0.9124423963133641	62721.458333333336	106474.79166666666	25.744609868017136	38.705895	0.5720000000000001	0.0587	0.735	0.135	0.0245	0.9940000000000001	16.0	0.0255	0.43700000000000006	0.163	0.057999999999999996	0.105	0.0059	4.913	0.0795	3.46	0.0283	0.6	0.0342	5.45	0.38955	10100.0	5.3	7.2	28.0
SB083116TAWCSCB22D11BR2TR2I622	CB22	11.0	39.348730000000025	-76.17579	399055.0	144255.0	DNR	e_13	08	16	08 16	620	0.31719128858910617	0.9483615800121715	36360	0.9124423963133641	33572.291666666664	130080.0	46.76231568378819	42.8951685	0.45399999999999996	0.0959	0.728	0.138	0.0286	1.08	20.4	0.1895	0.316	0.27399999999999997	0.013000000000000001	0.261	0.0155	2.563	0.0715	2.221	0.0518	0.59	0.0673	8.38	2.64483	14800.0	4.2	7.2	27.8
SB081216TAWCSCB31D13BR1TR1I177	CB31	13.0	39.24950000000001	-76.24049999999995	475876.0	219379.0	DNR	KM	08	16	08 16	599	0.6321034111873484	0.7748840413670409	33720	0.9339080459770116	62721.458333333336	106474.79166666666	56.82055497761266	43.844858	0.525	0.0975	0.746	0.146	0.0215	0.855	9.5	0.107	0.379	0.221	0.085	0.136	0.0195	3.845	0.028999999999999998	2.286	0.0565	0.6	0.076	11.41	5.06257	19500.0	2.1	7.2	27.3
SB082916TAWCSCB31D13BR1TR2I212	CB31	13.0	39.24950000000001	-76.24049999999995	39211.0	17936.0	DNR	KM	08	16	08 16	620	0.31719128858910617	0.9483615800121715	33780	0.9339080459770116	33572.291666666664	130080.0	68.90959745955314	47.538278999999996	0.48	0.1067	0.665	0.165	0.0255	0.981	15.2	0.1573	0.315	0.185	0.009000000000000001	0.17600000000000002	0.0196	3.845	0.0187	3.6310000000000002	0.0616	0.5	0.0812	12.99	6.18695	21900.0	3.1	7.3	27.5
SB081216TAWCSCB32D10BR1TR2I621	CB32	10.0	39.163689999999974	-76.30630999999995	592127.0	202455.0	DNR	e_13	08	16	08 16	599	0.6321034111873484	0.7748840413670409	31320	0.8080808080808081	62721.458333333336	106474.79166666666	58.084140278787906	46.784043	0.488	0.109	0.723	0.133	0.0184	0.7979999999999999	7.3	0.1396	0.355	0.235	0.08	0.155	0.0152	3.2039999999999997	0.0154	1.431	0.0754	0.59	0.0906	12.93	6.28992	21800.0	1.2	7.2	27.0
SB081216TAWCSCB33CD24BR1TR2I623	CB33C	24.0	38.995959999999975	-76.35966999999994	400873.0	134486.0	DNR	e_13	08	16	08 16	598	0.6453481132295509	0.7638886127905421	55140	0.9469790382244143	59022.5	103536.25	32.49988279236088	50.350635	0.40575	0.14345000000000002	0.6523	0.0873	0.0095	0.5565	7.5	0.0007	0.31845	0.24655	0.2375	0.00905	0.0203	1.709	0.008525	3.0755	0.11365	0.57	0.13476666666666667	19.24	11.43274	31100.0	0.29	7.3	25.6
SB081216TAWCSCB41CD31BR1TR2I618	CB41C	31.0	38.82592999999998	-76.39944999999996	479953.0	163461.0	DNR	e_13	08	16	08 16	598	0.6453481132295509	0.7638886127905421	48540	0.96875	59022.5	103536.25	55.54048672284456	48.8501755	0.3404	0.1299	0.5864	0.0564	0.0069	0.33899999999999997	5.0	0.0007	0.284	0.24600000000000002	0.244	0.002	0.0288	1.068	0.0015	1.1	0.0942	0.53	0.12300000000000001	20.22	12.05206	32500.0	0.3	7.3	26.0
SB083016TAWCSCB41CD31BR1TR1I216	CB41C	31.0	38.82592999999998	-76.39944999999996	32295.0	14174.0	DNR	KM	08	16	08 16	619	0.3334687789181865	0.9427611433904208	46620	0.96875	35088.541666666664	132691.45833333334	15.40011321529768	46.2459795	0.3923	0.1402	0.5327	0.0727	0.0074	0.353	8.4	0.0007	0.3196	0.1404	0.139	0.0014	0.0284	0.831	0.0008500000000000001	1.495	0.1044	0.46	0.1328	20.99	12.30032	33600.0	0.36	7.3	27.1
SB081216TAWCSCB42CD26BR2TR1I612	CB42C	26.0	38.646179999999994	-76.42127000000002	395770.0	131816.0	DNR	e_13	08	16	08 16	598	0.6453481132295509	0.7638886127905421	42120	0.9433106575963719	59022.5	103536.25	65.52869155260737	49.1710425	0.3519	0.1143	0.59	0.05	0.0057	0.308	5.4	0.0007	0.3019	0.2381	0.23199999999999998	0.0061	0.0229	0.748	0.0054	0.748	0.0857	0.54	0.1086	20.78	12.41343	33300.0	0.3	7.3	26.2
SB082916TAWCSCB43CD26BR1TR2I220	CB43C	26.0	38.55505000000002	-76.42794000000002	293803.0	102322.0	DNR	e_13	08	16	08 16	619	0.3334687789181865	0.9427611433904208	34980	0.9438943894389439	35088.541666666664	132691.45833333334	25.90022694934494	45.7601695	0.3242	0.10099999999999999	0.3813	0.0513	0.0051	0.262	6.2	0.0007	0.2729	0.0571	0.055999999999999994	0.0011	0.0234	0.61	0.0006000000000000001	0.35100000000000003	0.0725	0.33	0.0959	21.9	12.98261	34900.0	0.36	7.4	27.1
SB081216TAWCSCB43CD26BR1TR1I184	CB43C	26.0	38.555050000000016	-76.42794000000002	163677.0	74645.0	DNR	KM	08	16	08 16	598	0.6453481132295509	0.7638886127905421	36420	0.9438943894389439	59022.5	103536.25	87.4372358895058	54.80979549999999	0.3508	0.1099	0.5797	0.0497	0.0057	0.317	5.4	0.0004	0.3011	0.2289	0.2225	0.0069	0.0234	0.8540000000000001	0.0064	0.5660000000000001	0.0808	0.53	0.1042	20.85	12.37654	33400.0	0.3	7.3	26.5
SB082916TAWCSCB44D30BR1TR1I222	CB44	31.0	38.414570000000026	-76.34564999999998	648036.0	288055.0	DNR	KM	08	16	08 16	618	0.3496474552512293	0.9368813462954312	49080	0.9647302904564315	35980.416666666664	133699.8625886525	37.319131187177646	48.5436785	0.3157	0.1022	0.3775	0.0775	0.0086	0.45399999999999996	8.8	0.0042	0.2382	0.0618	0.055	0.0068	0.0226	0.534	0.0026	1.335	0.071	0.3	0.0936	22.67	13.56008	36000.0	0.3	7.4	27.1
SB081216TAWCSCB51D33BR1TR1I186	CB51	33.0	38.31870000000001	-76.29215	223954.0	100827.0	DNR	KM	08	16	08 16	597	0.6584015846980491	0.7526668275320081	47040	0.9580645161290323	52591.04166666668	98408.95833333333	27.1248063276762	46.418977000000005	0.3891	0.0908	0.5495	0.0595	0.0066	0.33	12.0	0.0347	0.3296	0.1604	0.121	0.0394	0.0212	0.61	0.0047	0.35100000000000003	0.063	0.49	0.0842	21.76	12.87764	34700.0	0.3	7.4	27.1
SB081216TAWCSCB53D25BR2TR2I189	CB53	25.0	37.91011000000001	-76.17137000000002	502824.0	174152.0	DNR	e_13	08	16	08 16	597	0.6584015846980491	0.7526668275320081	38880	0.9395973154362416	52591.04166666668	98408.95833333333	61.21327241593305	48.4063835	0.4834	0.0655	0.5964	0.0964	0.019	0.745	24.8	0.0121	0.387	0.113	0.095	0.018000000000000002	0.0184	1.922	0.0059	2.2640000000000002	0.0281	0.5	0.0465	23.31	14.040170000000002	36900.0	3.4	7.8	27.1
SB082916TAWCSCB53D25BR1TR2I610	CB53	25.0	37.91011000000001	-76.17137000000002	299176.0	107450.0	DNR	e_13	08	16	08 16	618	0.3496474552512293	0.9368813462954312	37500	0.9395973154362416	35980.416666666664	133699.8625886525	61.82977605071675	49.142286	0.3881	0.0711	0.502	0.122	0.0191	0.8	21.8	0.0524	0.2661	0.1139	0.054000000000000006	0.0599	0.0217	1.3880000000000001	0.0075	2.275	0.0303	0.38	0.052000000000000005	23.38	13.90665	37000.0	2.7	7.7	27.7
SB081216TAWCSCB71D20BR2TR1I201	CB71	16.0	37.683459999999975	-75.98965999999999	14820.0	6811.0	ODU	KM	08	16	08 16	598	0.6453481132295509	0.7638886127905421	50820	0.8888888888888888	59022.5	103536.25	94.63962277835499	44.3170095	0.2803	0.0516	0.42100000000000004	0.08771	0.0161	0.57516	16.32	0.0038	0.1926	0.1407	0.1319	0.0088	0.0062	2.2695	0.005	2.0292	0.0293	0.3333	0.0355	25.27	15.63929	39693.0	3.72	7.83	26.684
SB082916TAWCSCB71D20BR2TR1I238	CB71	17.0	37.683459999999975	-75.98965999999999	398585.0	179225.0	ODU	KM	08	16	08 16	619	0.3334687789181865	0.9427611433904208	49740	0.9444444444444444	35088.541666666664	132691.45833333334	73.18322668813893	46.18748699999999	0.2379	0.0469	0.3249	0.06147	0.011000000000000001	0.44842	8.04	0.0051	0.1764	0.087	0.0781	0.0089	0.0092	4.6992	0.0038	1.368	0.0267	0.2634	0.0359	24.77	15.101729999999998	39013.0	3.82	7.76	27.21
SB081216TAWCSCB61D11BR1TR1I192	CB61	11.0	37.58847000000002	-76.16216000000001	9239.0	4169.0	ODU	KM	08	16	08 16	597	0.6584015846980491	0.7526668275320081	60660	0.9090909090909092	52591.04166666668	98408.95833333333	59.77064252840928	37.322958	0.2844	0.0471	0.4144	0.09854	0.0108	0.5815100000000001	8.72	0.0058	0.1859	0.13	0.1181	0.0119	0.0071	2.403	0.0061	1.368	0.0292	0.3159	0.0363	25.37	15.73769	39843.0	3.37	7.81	26.608
SB082916TAWCSCB61D11BR1TR1I230	CB61	11.0	37.58847000000002	-76.16216000000001	31603.0	14199.0	ODU	KM	08	16	08 16	618	0.3496474552512293	0.9368813462954312	63060	0.9090909090909092	35980.416666666664	133699.8625886525	67.49912042561401	43.670737	0.3187	0.063	0.4261	0.06931	0.0125	0.42593	10.36	0.026000000000000002	0.2494	0.1074	0.0759	0.0315	0.0128	1.4685	0.0055	1.368	0.0377	0.3568	0.0505	24.06	14.52897	37999.0	2.41	7.61	27.339000000000002
SB081216TAWCSCB62D9BR1TR1I194	CB62	9.0	37.48680000000001	-76.15633000000003	84646.0	39216.0	ODU	KM	08	16	08 16	597	0.6584015846980491	0.7526668275320081	53100	0.8780487804878049	52591.04166666668	98408.95833333333	88.77138901367228	48.572462	0.2626	0.0452	0.3722	0.07986	0.0113	0.46517	12.02	0.0045	0.1827	0.1096	0.1001	0.0095	0.0074	2.5365	0.005	1.368	0.0265	0.2923	0.0339	26.39	16.67825	41262.0	4.23	7.85	26.037
SB082916TAWCSCB62D9BR1TR1I232	CB62	9.0	37.48679999999996	-76.15632999999991	721144.0	320573.0	ODU	KM	08	16	08 16	618	0.3496474552512293	0.9368813462954312	55800	0.8780487804878049	35980.416666666664	133699.8625886525	61.848880822802045	47.446193	0.31275	0.05645	0.4093	0.09178	0.01625	0.5745199999999999	13.45	0.01465	0.221	0.09655	0.07615	0.0204	0.01045	2.1478650000000004	0.00575	1.368	0.02975	0.31755	0.0402	23.35	13.9493	36994.0	4.1	7.8	27.491
SB082916TAWCSCB63D10BR3TR1I234	CB63	11.0	37.41152999999998	-76.15966000000002	39929.0	18969.0	ODU	KM	08	16	08 16	618	0.3496474552512293	0.9368813462954312	53280	0.967032967032967	35980.416666666664	133699.8625886525	68.29764789444539	42.646111	0.3252	0.0579	0.387	0.12966	0.0253	0.78751	20.24	0.0094	0.1955	0.0618	0.0503	0.0115	0.0114	3.32267	0.0021	1.4952	0.0212	0.2573	0.0326	24.16	14.59467	38153.0	5.25	7.87	27.369
SB081216TAWCSCB63D11BR2TR1I196	CB63	11.0	37.41152999999998	-76.15966000000002	507955.0	230383.0	ODU	KM	08	16	08 16	597	0.6584015846980491	0.7526668275320081	50760	0.967032967032967	52591.04166666668	98408.95833333333	91.6767057249234	47.669942	0.2445	0.0487	0.34700000000000003	0.07462	0.0131	0.48725	13.34	0.004	0.1699	0.1025	0.0952	0.0073	0.0074	2.403	0.0033	1.368	0.0282	0.2724	0.0356	27.4	17.53602	42657.0	4.71	7.88	25.714000000000002
SB081216TAWCSCB72D20BR2TR1I203	CB72	21.0	37.41152999999998	-76.07966000000003	16492.0	7435.0	ODU	KM	08	16	08 16	597	0.6584015846980491	0.7526668275320081	48420	0.980544747081712	52591.04166666668	98408.95833333333	85.54088507403799	37.572646999999996	0.23199999999999998	0.0461	0.2951	0.0753	0.0167	0.52877	16.76	0.0015	0.1567	0.0631	0.0603	0.0028	0.0071	2.5365	0.0013	1.9491	0.0223	0.2198	0.0294	28.2	18.22561	43768.0	5.44	7.93	25.425
SB082916TAWCSCB72D20BR1TR1I241	CB72	19.0	37.41152999999998	-76.07966000000003	28510.0	12871.0	ODU	KM	08	16	08 16	618	0.3496474552512293	0.9368813462954312	51000	0.8871595330739299	35980.416666666664	133699.8625886525	95.34904276278952	36.4788875	0.2524	0.0553	0.2934	0.09336	0.0198	0.58444	18.64	0.0011	0.16	0.040999999999999995	0.0393	0.0017	0.0135	2.7768	0.0006	2.30688	0.022000000000000002	0.2	0.0355	28.69	18.2926	44507.0	6.0	7.86	26.42
SB081216TAWCSCB64D10BR2TR1I199	CB64	8.0	37.23652999999996	-76.20798999999991	13129.0	5920.0	ODU	KM	08	16	08 16	598	0.6453481132295509	0.7638886127905421	60840	0.8571428571428571	59022.5	103536.25	50.49650455979637	37.1918555	0.28305	0.04035	0.38585	0.07669000000000001	0.0103	0.502445	6.52	0.00285	0.20635	0.1028	0.09365	0.00915	0.0086	4.272	0.0063	1.368	0.02145	0.30915000000000004	0.03005	23.92	14.62289	37789.0	4.25	7.87	26.691999999999997
SB082916TAWCSCB64D10BR1TR1I236	CB64	9.0	37.23653000000001	-76.20798999999995	866657.0	395376.0	ODU	KM	08	16	08 16	620	0.31719128858910617	0.9483615800121715	38460	0.9642857142857142	33572.291666666664	130080.0	88.92620149292783	44.9856745	0.3087	0.0562	0.3607	0.09479	0.0167	0.5776399999999999	14.68	0.0027	0.2139	0.052000000000000005	0.0464	0.0056	0.015	3.2039999999999997	0.0029	1.94613	0.0245	0.2659	0.0395	26.77	16.8651	41804.0	5.03	7.83	26.363000000000003
SB081216TAWCSCB73D12BR1TR1I205	CB73	12.0	37.11681	-76.12521	294967.0	128423.0	ODU	KM	08	16	08 16	597	0.6584015846980491	0.7526668275320081	39300	0.912280701754386	52591.04166666668	98408.95833333333	89.30900979183565	41.635517	0.2592	0.0314	0.2802	0.06971000000000001	0.009000000000000001	0.39927	7.34	0.0008	0.1895	0.02105	0.0208	0.0003	0.0088	2.7768	-0.00035	1.63404	0.0136	0.2105	0.0224	28.58	18.34326	44322.0	6.26	8.02	25.984
SB082916TAWCSCB74D13BR1TR1I246	CB74	14.0	36.995699999999964	-76.02047999999998	50996.0	23888.0	ODU	KM	08	16	08 16	618	0.3496474552512293	0.9368813462954312	35700	0.9333333333333333	35980.416666666664	133699.8625886525	55.70022581313305	30.993861499999998	0.1732	0.0278	0.1762	0.05746	0.0108	0.43094	8.52	0.0008	0.1157	0.003	0.0037	0.0003	0.0097	2.8836	-0.00035	1.368	0.0073	0.1187	0.017	31.09	20.8805	47727.0	7.37	7.93	23.825
SB041117TAWCSCB22D11BR2TR1I288	CB22	11.0	39.348730000000025	-76.17579	106838.0	63587.0	DNR	e_15_1	04	17	04 17	845	0.3975428142825543	-0.9175836260593944	36780	0.9124423963133641	137038.54166666666	1772354.1666666667	16.883255363571145	17.328412	0.569	0.1118	1.5119999999999998	0.342	0.0925	3.67	80.0	0.0051	0.22699999999999998	0.943	0.044000000000000004	0.899	0.0071	2.136	0.8939	3.097	0.0122	1.17	0.0193	0.0	-0.43832	158.0	11.2	7.7	12.0
SB041117TAWCSCB31D13BR1TR1I289	CB31	13.0	39.24950000000001	-76.24049999999995	297215.0	176211.0	DNR	e_15_1	04	17	04 17	845	0.3975428142825543	-0.9175836260593944	34200	0.9339080459770116	137038.54166666666	1772354.1666666667	68.34948089401297	31.364806	0.7979999999999999	0.1507	1.518	0.518	0.1286	4.78	116.0	0.0133	0.28	0.72	0.22899999999999998	0.491	0.0031	1.068	0.4777	12.389000000000001	0.019	1.0	0.0221	9.08	6.935910000000002	15900.0	7.4	7.3	9.5
SB041117TAWCSCB32D10BR2TR1I290	CB32	9.0	39.163689999999974	-76.30630999999995	119832.0	70910.0	DNR	e_15_1	04	17	04 17	845	0.3975428142825543	-0.9175836260593944	31500	0.7272727272727273	137038.54166666666	1772354.1666666667	27.52969899848441	29.623762	0.5429999999999999	0.0446	1.137	0.237	0.0313	1.49	21.3	0.0099	0.306	0.594	0.136	0.45799999999999996	0.0044	8.01	0.4481	5.447	0.0089	0.9	0.0133	8.69	6.609610000000001	15300.0	7.6	7.6	9.7
SB041117TAWCSCB33CD5BR1TR1I286	CB33C	0.0	38.995959999999975	-76.35967000000002	54191.0	33224.0	DNR	e_15_1	04	17	04 17	844	0.3816892202666579	-0.9242907221930937	54540	0.0	133209.6875	1769062.5	47.03169116658554	22.9357545	0.369	0.034	1.258	0.098	0.0159	0.76	11.2	0.0077	0.271	0.889	0.099	0.79	0.0052	2.136	0.7823	1.104	0.0129	1.16	0.0181	3.0	1.94001	6000.0	10.2	7.7	11.7
SB041117TAWCSCB33CD24BR1TR1I291	CB33C	23.0	38.995959999999975	-76.35966999999994	151040.0	94033.0	DNR	e_15_1	04	17	04 17	844	0.3816892202666579	-0.9242907221930937	54540	0.9075215782983971	133209.6875	1769062.5	21.228752466256932	25.661386500000006	0.60165	0.05535	0.8305	0.3355	0.04235	2.0	28.5	0.0055000000000000005	0.26615	0.22885	0.13333333333333333	0.09535	0.00745	6.23	0.08985	9.4695	0.005600000000000001	0.495	0.013000000000000001	17.66	13.8679	28800.0	6.3	7.3	7.5
SB041117TAWCSCB42CD26BR1TR1I293	CB42C	26.0	38.646179999999994	-76.42127000000005	103836.0	61523.0	DNR	e_15_1	04	17	04 17	844	0.3816892202666579	-0.9242907221930937	41280	0.9433106575963719	133209.6875	1769062.5	40.76334051170056	29.5193445	0.4186	0.0251	0.534	0.16399999999999998	0.0161	0.81	8.4	0.0021	0.2546	0.1154	0.09	0.0254	0.0063	8.117	0.0233	2.948	0.0027	0.37	0.009000000000000001	20.15	15.7678	32400.0	6.9	7.6	8.0
SB041117TAWCSCB43CD27BR1TR1I294	CB43C	26.0	38.55505000000002	-76.42794000000002	249894.0	157280.0	DNR	e_15_1	04	17	04 17	844	0.3816892202666579	-0.9242907221930937	35580	0.9438943894389439	133209.6875	1769062.5	31.29008108314269	29.9108075	0.545	0.0447	0.645	0.285	0.0317	1.43	18.4	0.0018	0.26	0.1	0.076	0.024	0.0106	9.612	0.0222	4.144	0.0024	0.36	0.013000000000000001	20.43	15.94029	32800.0	7.1	7.6	8.4
SB041117TAWCSCB44D31BR1TR1I295	CB44	31.0	38.41457000000001	-76.34564999999998	206883.0	127076.0	DNR	e_15_1	04	17	04 17	843	0.3657225234972702	-0.930723931037979	50520	0.9647302904564315	127348.33333333333	1724135.4166666665	43.50241764231413	35.117785999999995	0.3341	0.0328	0.433	0.163	0.0203	0.905	13.7	0.0038	0.1711	0.0989	0.081	0.0179	0.0097	7.476	0.0141	2.766	0.0028	0.27	0.0125	23.24	18.008020000000005	36800.0	7.5	7.7	9.4
SB041117TAWCSCB51D33BR1TR1I296	CB51	34.0	38.318700000000014	-76.29215	271079.0	169525.0	DNR	e_15_1	04	17	04 17	843	0.3657225234972702	-0.930723931037979	47700	0.9870967741935485	127348.33333333333	1724135.4166666665	46.34982640187405	33.159279999999995	0.3094	0.0263	0.37799999999999995	0.158	0.0172	0.8490000000000001	11.5	0.0008	0.1514	0.0686	0.045	0.0236	0.0068	6.622000000000001	0.0228	2.499	0.0023	0.22	0.0091	23.87	18.47172	37700.0	7.6	7.7	9.6
SB041117TAWCSCB53D5BR1TR1I284	CB53	0.0	37.91011000000001	-76.17137000000002	112186.0	66940.0	DNR	e_15_1	04	17	04 17	843	0.3657225234972702	-0.930723931037979	38880	0.0	127348.33333333333	1724135.4166666665	19.315281380722766	21.523849	0.4497	0.0156	0.484	0.184	0.0093	1.37	4.8	0.0021	0.2657	0.0343	0.013000000000000001	0.0213	0.0046	11.214	0.0192	1.121	0.0017	0.3	0.0063	14.73	11.01801	24500.0	11.0	8.2	12.0
SB041117TAWCSCB54D25BR1TR1I300	CB54	1.0	37.80012999999999	-76.17465999999997	150804.0	91730.0	ODU	e_15_1	04	17	04 17	843	0.3657225234972702	-0.930723931037979	31620	0.031189083820662766	127348.33333333333	1724135.4166666665	9.8622408041707	21.060734	0.36165	0.018000000000000002	0.3648	0.14795	0.0116	1.13842	5.32	0.0004	0.21	0.0041	0.0038	0.0003	0.0057	10.68	-0.0001	0.332	0.0009	0.2168	0.0064	15.74	11.82773	25756.0	10.83	8.42	11.819
SB041117TAWCSCB71D20BR1TR1I306	CB71	1.0	37.683459999999975	-75.98966000000001	336467.0	203390.0	ODU	e_15_1	04	17	04 17	842	0.34964745525122837	-0.9368813462954315	55380	0.05555555555555555	119398.85416666667	1634033.3333333333	26.057170084249268	25.886304	0.2917	0.0157	0.2948	0.09198	0.0102	0.6856800000000001	7.52	0.0002	0.19975	0.0031000000000000003	0.0038	0.0003	0.0048	3.2039999999999997	0.0001	0.38448	0.0009	0.2028	0.0055	19.49	14.618479999999998	31306.0	9.82	8.15	12.539000000000001
SB041117TAWCSCB71D20BR2TR1I315	CB71	16.0	37.683459999999975	-75.98966000000001	123300.0	76769.0	ODU	e_15_1	04	17	04 17	842	0.34964745525122837	-0.9368813462954315	55380	0.8888888888888888	119398.85416666667	1634033.3333333333	39.697804477697225	28.789427000000003	0.3177	0.022000000000000002	0.3208	0.12016	0.0154	0.77268	8.82	0.0002	0.19755	0.0031000000000000003	0.0038	0.0003	0.005900000000000001	5.874	0.0001	0.40584	0.0009	0.2006	0.0066	20.89	15.858629999999998	33383.0	8.59	8.03	11.57
SB041117TAWCSCB61D11BR1TR1I302	CB61	1.0	37.58847	-76.16215999999999	104065.0	64615.0	ODU	e_15_2	04	17	04 17	843	0.3657225234972702	-0.930723931037979	41160	0.08264462809917356	127348.33333333333	1724135.4166666665	23.061231391599183	24.3974995	0.32685	0.016	0.3299	0.11155	0.0093	0.86906	5.76	0.0002	0.21535	0.0031000000000000003	0.0038	0.0003	0.006	5.4468	0.0001	0.332	0.0009	0.2184	0.0067	17.68	13.22311	28629.0	10.41	8.33	12.511
SB041117TAWCSCB61D11BR1TR1I311	CB61	11.0	37.58847000000001	-76.16216	120910.0	74983.0	ODU	e_15_2	04	17	04 17	843	0.3657225234972702	-0.930723931037979	41160	0.9090909090909092	127348.33333333333	1724135.4166666665	45.79781134377839	30.7680805	0.2601	0.0159	0.2632	0.08715	0.0098	0.5647800000000001	6.34	0.0002	0.17295	0.0031000000000000003	0.0038	0.0003	0.0054	5.1264	0.0001	0.332	0.0009	0.17600000000000002	0.0061	21.86	16.623179999999998	34796.0	8.82	8.12	11.493
SB041117TAWCSCB62D9BR1TR1I303	CB62	1.0	37.48679999999999	-76.15632999999997	63158.0	38722.0	ODU	e_15_1	04	17	04 17	843	0.3657225234972702	-0.930723931037979	49200	0.0975609756097561	127348.33333333333	1724135.4166666665	47.11828890662723	33.477366999999994	0.27795000000000003	0.0149	0.281	0.08791	0.0092	0.70749	5.92	0.0002	0.19005	0.0031000000000000003	0.0038	0.0003	0.004999999999999999	4.806	0.0001	0.332	0.0009	0.1931	0.0057	18.42	13.78607	29723.0	10.14	8.3	12.569
SB041117TAWCSCB62D9BR1TR1I312	CB62	9.0	37.4868	-76.15632999999998	235295.0	147316.0	ODU	e_15_1	04	17	04 17	843	0.3657225234972702	-0.930723931037979	49200	0.8780487804878049	127348.33333333333	1724135.4166666665	36.79493957200871	29.1455425	0.2779	0.0183	0.281	0.0994	0.0123	0.71225	8.96	0.0002	0.17855	0.0031000000000000003	0.0038	0.0003	0.0053	7.2624	0.0001	0.332	0.0009	0.1816	0.006	20.7	15.75043	33112.0	9.07	8.19	11.318
SB041117TAWCSCB63D10BR1TR1I304	CB63	1.0	37.41152999999999	-76.15965999999997	165451.0	103968.0	ODU	e_15_1	04	17	04 17	843	0.3657225234972702	-0.930723931037979	51480	0.08791208791208792	127348.33333333333	1724135.4166666665	32.99487238136397	27.335326	0.27165	0.0184	0.2747	0.07531	0.0103	0.56419	7.6	0.0002	0.1963	0.0031000000000000003	0.0038	0.0003	0.00745	3.2039999999999997	0.0001	0.332	0.0009	0.1994	0.0081	20.32	15.12666	32490.0	9.73	8.23	13.323
SB041117TAWCSCB72D20BR1TR1I307	CB72	1.0	37.41152999999999	-76.07966000000002	108463.0	65766.0	ODU	e_15_1	04	17	04 17	842	0.34964745525122837	-0.9368813462954315	49200	0.04669260700389105	119398.85416666667	1634033.3333333333	25.64380911334703	28.020209499999996	0.2942	0.0136	0.2973	0.06808	0.0086	0.48662	7.62	0.0003	0.22615	0.0031000000000000003	0.0038	0.0003	0.0043	2.67	0.0	0.332	0.0009	0.2292	0.005	20.58	15.44121	32888.0	9.76	8.13	12.66
SB041117TAWCSCB63D10BR2TR1I313	CB63	10.0	37.41152999999999	-76.15965999999997	554365.0	338989.0	ODU	e_15_1	04	17	04 17	843	0.3657225234972702	-0.930723931037979	51480	0.8791208791208791	127348.33333333333	1724135.4166666665	41.936447690639355	29.515860999999997	0.2886	0.0198	0.2917	0.1074	0.0142	0.75337	10.2	0.0002	0.18125	0.0031000000000000003	0.0038	0.0003	0.0049	6.6216	0.0001	0.332	0.0009	0.1843	0.0056	20.67	15.6666	33055.0	9.16	8.2	11.706
SB041117TAWCSCB72D20BR1TR1I316	CB72	21.0	37.41152999999999	-76.07966000000003	285662.0	174828.0	ODU	e_15_1	04	17	04 17	842	0.34964745525122837	-0.9368813462954315	49200	0.980544747081712	119398.85416666667	1634033.3333333333	46.49631039460068	31.415088	0.26585000000000003	0.0267	0.2691	0.09364	0.0189	0.63039	16.12	0.0005	0.17	0.0042	0.0038	0.0004	0.0049	3.8448	-0.0001	0.93984	0.0029	0.1755	0.0078	24.37	18.53877	38408.0	8.27	8.05	11.687000000000001
SB041117TAWCSCB73D12BR1TR1I308	CB73	1.0	37.11681	-76.12521	163255.0	102692.0	ODU	e_15_1	04	17	04 17	842	0.34964745525122837	-0.9368813462954315	40740	0.0760233918128655	119398.85416666667	1634033.3333333333	50.98939256560318	30.060003499999997	0.2101	0.0143	0.2132	0.05165	0.0086	0.35372	8.46	0.0002	0.15845	0.0031000000000000003	0.0038	0.0003	0.004999999999999999	2.136	0.0001	0.332	0.0009	0.1615	0.0057	23.57	17.83154	37226.0	9.39	8.08	12.206
SB041117TAWCSCB73D12BR1TR1I317	CB73	12.0	37.11681	-76.12521	253634.0	157877.0	ODU	e_15_1	04	17	04 17	842	0.34964745525122837	-0.9368813462954315	40740	0.912280701754386	119398.85416666667	1634033.3333333333	44.52114604981674	34.6792375	0.2183	0.0179	0.2214	0.07589	0.0105	0.4798	11.32	0.0002	0.14245	0.0031000000000000003	0.0038	0.0003	0.0061	2.5632	0.0001	0.35244000000000003	0.0013	0.1455	0.0074	25.44	19.33569	39921.0	8.99	8.07	11.883
SB050817TAWCSCB22D11BR1TR1I322	CB22	11.0	39.348730000000025	-76.17579	188611.0	111797.0	DNR	e_15_1	05	17	05 17	873	0.7775971469736264	-0.6287628145958352	36720	0.9124423963133641	261919.06249999997	1211446.8528368797	27.442136146851922	28.2054915	0.53	0.0701	1.3319999999999999	0.172	0.0481	1.61	37.3	0.0061	0.358	0.802	0.051	0.7509999999999999	0.0069	2.8480000000000003	0.7449	3.6310000000000002	0.0151	1.16	0.022000000000000002	0.0	-0.7774399999999999	285.0	10.1	7.6	14.6
SB050817TAWCSCB31D13BR1TR1I323	CB31	13.0	39.24950000000001	-76.24049999999995	199676.0	114717.0	DNR	e_15_1	05	17	05 17	873	0.7775971469736264	-0.6287628145958352	34260	0.9339080459770116	261919.06249999997	1211446.8528368797	53.11865054440479	35.799916	0.593	0.0894	1.0759999999999998	0.336	0.0766	2.9	66.0	0.009000000000000001	0.257	0.483	0.17800000000000002	0.305	0.0057	4.628	0.29600000000000004	9.826	0.0071	0.74	0.0128	9.14	6.2229800000000015	16000.0	4.0	7.2	15.0
SB050817TAWCSCB32D10BR2TR1I324	CB32	9.0	39.163689999999974	-76.30630999999995	524847.0	313175.0	DNR	e_15_1	05	17	05 17	873	0.7775971469736264	-0.6287628145958352	32100	0.7272727272727273	261919.06249999997	1211446.8528368797	44.12054708945962	34.756588	0.456	0.0462	0.93	0.18	0.0326	1.23	21.5	0.0088	0.276	0.474	0.20199999999999999	0.272	0.008	5.126	0.2632	5.041	0.0056	0.75	0.0136	10.5	7.33825	18100.0	2.7	7.1	14.6
SB050817TAWCSCB33CD5BR1TR1I320	CB33C	0.0	38.995959999999975	-76.35966999999992	387376.0	230425.0	DNR	e_15_1	05	17	05 17	872	0.7666588193001589	-0.6420547132365638	54060	0.0	274714.8958333333	1154384.3528368794	42.66002977773736	32.3558795	0.4535	0.0322	1.027	0.182	0.02555	1.215	7.0	0.006	0.2715	0.5734999999999999	0.0145	0.5589999999999999	0.0048	9.505	0.5529999999999999	2.6060000000000003	0.00185	0.845	0.00665	2.71	0.81576	5500.0	10.5	8.4	17.6
SB050817TAWCSCB33CD24BR1TR1I325	CB33C	24.0	38.995959999999975	-76.35966999999995	114692.0	68316.0	DNR	e_15_1	05	17	05 17	872	0.7666588193001589	-0.6420547132365638	54060	0.9469790382244143	274714.8958333333	1154384.3528368794	30.87504300800528	32.31158	0.4305	0.0284	0.767	0.132	0.01865	0.735	7.4	0.0063	0.2985	0.3365	0.22699999999999998	0.1095	0.007050000000000002	5.34	0.1032	3.5565	0.0027	0.635	0.00975	16.02	11.94068	26400.0	1.1	7.1	12.5
SB050817TAWCSCB42CD26BR1TR1I327	CB42C	26.0	38.646179999999994	-76.42127000000005	136643.0	83579.0	DNR	e_15_1	05	17	05 17	872	0.7666588193001589	-0.6420547132365638	40680	0.9433106575963719	274714.8958333333	1154384.3528368794	35.84164798551056	34.3120915	0.3308	0.0214	0.5702	0.0702	0.0085	0.369	7.7	0.0039	0.2606	0.2394	0.185	0.0544	0.0097	1.2819999999999998	0.0505	0.74	0.0032	0.5	0.0129	18.21	13.39824	29600.0	2.1	7.2	13.9
SB050817TAWCSCB43CD27BR1TR1I328	CB43C	26.0	38.55505000000002	-76.42794000000002	177222.0	103084.0	DNR	e_15_1	05	17	05 17	872	0.7666588193001589	-0.6420547132365638	35280	0.9438943894389439	274714.8958333333	1154384.3528368794	51.403822565850966	34.91515149999999	0.3759	0.0218	0.5648	0.0848	0.0094	0.45	6.5	0.0038	0.2911	0.1889	0.156	0.0329	0.0095	1.469	0.0291	0.868	0.0029	0.48	0.0124	18.41	13.51676	29900.0	2.3	7.2	14.1
SB050817TAWCSCB44D31BR1TR1I329	CB44	31.0	38.414570000000026	-76.34564999999998	119216.0	72435.0	DNR	e_15_1	05	17	05 17	871	0.7554933140726793	-0.6551563572090863	51540	0.9647302904564315	266519.1666666667	1080023.936170213	39.38289509065436	33.628677999999994	0.3766	0.0204	0.5660000000000001	0.096	0.0112	0.49	13.5	0.0042	0.2806	0.1894	0.142	0.0474	0.0065	1.495	0.0432	0.897	0.0027	0.47	0.0092	19.11	14.00125	30900.0	2.8	7.3	14.4
SB050817TAWCSCB51D33BR1TR1I330	CB51	34.0	38.318700000000014	-76.29215	490976.0	301243.0	DNR	e_15_1	05	17	05 17	871	0.7554933140726793	-0.6551563572090863	48480	0.9870967741935485	266519.1666666667	1080023.936170213	48.31417129064611	36.7350725	0.4046	0.0249	0.5529999999999999	0.12300000000000001	0.0147	0.634	7.3	0.0029	0.2816	0.1484	0.121	0.0274	0.0074	2.35	0.0245	0.94	0.0028	0.43	0.0102	19.45	14.0735	31400.0	3.8	7.4	15.4
SB050817TAWCSCB53D5BR1TR1I318	CB53	0.0	37.91011000000001	-76.17137000000002	207085.0	123444.0	DNR	e_15_1	05	17	05 17	871	0.7554933140726793	-0.6551563572090863	38280	0.0	266519.1666666667	1080023.936170213	30.004401165015963	32.430690000000006	0.31	0.0182	0.546	0.166	0.0086	0.904	4.3	0.0044	0.14400000000000002	0.23600000000000002	0.035	0.201	0.0066	7.476	0.1966	0.74	0.003	0.38	0.0096	14.73	10.12007	24500.0	8.9	8.1	17.1
SB050817TAWCSCB54D25BR1TR1I334	CB54	1.0	37.800129999999974	-76.17465999999997	156059.0	95714.0	ODU	e_15_1	05	17	05 17	871	0.7554933140726793	-0.6551563572090863	33900	0.031189083820662766	266519.1666666667	1080023.936170213	33.604867490571905	31.704482000000002	0.3421	0.0174	0.3831	0.12364	0.0103	0.72324	4.23	0.0027	0.2185	0.040999999999999995	0.0057	0.0353	0.0024	6.942	0.0326	0.332	0.0047	0.2595	0.0071	15.63	10.77431	25530.0	8.68	8.16	17.265
SB050817TAWCSCB71D20BR1TR1I340	CB71	1.0	37.683459999999975	-75.98966000000003	225310.0	134998.0	ODU	e_15_1	05	17	05 17	871	0.7554933140726793	-0.6551563572090863	51540	0.05555555555555555	266519.1666666667	1080023.936170213	43.530398681405146	31.350274	0.3345	0.0188	0.3376	0.11859	0.012	0.8185100000000001	6.4	0.0002	0.2159	0.0031000000000000003	0.0038	0.0003	0.0061	8.01	0.0001	0.5874	0.0009	0.21899999999999997	0.0068	18.58	12.80448	29915.0	8.73	8.13	18.299
SB050817TAWCSCB61D11BR1TR1I336	CB61	1.0	37.58847	-76.16215999999999	672120.0	422045.0	ODU	e_15_2	05	17	05 17	870	0.7441039398713611	-0.6680638642135328	63480	0.08264462809917356	246552.60416666666	1011747.9166666667	46.26862640857674	33.642356	0.32305	0.0169	0.3261	0.12014	0.0099	0.92598	4.23	0.0002	0.20295	0.0031000000000000003	0.0038	0.0003	0.0057	6.942	0.0001	0.6087600000000001	0.0013	0.20600000000000002	0.006999999999999999	17.38	11.99534	28135.0	9.25	8.24	17.813
SB050817TAWCSCB61D11BR1TR1I345	CB61	11.0	37.58847000000002	-76.16216000000001	132825.0	78924.0	ODU	e_15_1	05	17	05 17	870	0.7441039398713611	-0.6680638642135328	63480	0.9090909090909092	246552.60416666666	1011747.9166666667	50.40183607517173	35.4326705	0.2584	0.0172	0.2862	0.05524	0.0114	0.39733	8.86	0.0013	0.2032	0.0278	0.0245	0.0033	0.0028	4.3788	0.002	0.7048800000000001	0.003	0.231	0.0058	19.38	13.55855	31079.0	6.32	7.89	17.643
SB050817TAWCSCB62D9BR1TR1I337	CB62	1.0	37.4868	-76.15632999999998	290243.0	171807.0	ODU	e_15_1	05	17	05 17	870	0.7441039398713611	-0.6680638642135328	55680	0.0975609756097561	246552.60416666666	1011747.9166666667	39.62147756209545	32.9564245	0.3157	0.0165	0.3188	0.10877	0.0102	0.8409399999999999	4.23	0.0002	0.2069	0.0031000000000000003	0.0038	0.0003	0.0053	7.0488	0.0001	0.332	0.001	0.21	0.0063	17.76	12.28684	28706.0	9.23	8.21	17.805999999999997
SB050817TAWCSCB63D10BR1TR1I338	CB63	1.0	37.41152999999999	-76.15965999999997	806740.0	497889.0	ODU	e_15_1	05	17	05 17	871	0.7554933140726793	-0.6551563572090863	58200	0.08791208791208792	266519.1666666667	1080023.936170213	42.73939033234771	33.832252000000004	0.33055	0.023	0.3336	0.1254	0.0148	0.95154	5.98	0.0002	0.2051	0.0031000000000000003	0.0038	0.0003	0.0069	8.1168	0.0001	0.8544	0.0013	0.2082	0.0082	18.77	12.95374	30188.0	9.23	8.24	18.279
SB050817TAWCSCB72D20BR1TR1I341	CB72	1.0	37.41152999999999	-76.07966000000002	168383.0	102772.0	ODU	e_15_1	05	17	05 17	870	0.7441039398713611	-0.6680638642135328	52440	0.04669260700389105	246552.60416666666	1011747.9166666667	41.760377142974335	31.911610999999997	0.3239	0.0192	0.327	0.12558	0.0123	0.90359	4.48	0.0004	0.1983	0.0031000000000000003	0.0038	0.0003	0.0047	7.1556	-0.0001	0.332	0.0022	0.2014	0.0069	19.35	13.46911	31041.0	8.98	8.17	17.948
SB050817TAWCSCB73D12BR1TR1I342	CB73	1.0	37.11681	-76.12521	92029.0	55478.0	ODU	e_15_1	05	17	05 17	870	0.7441039398713611	-0.6680638642135328	41760	0.0760233918128655	246552.60416666666	1011747.9166666667	62.75872209107411	38.327682	0.2633	0.0182	0.2664	0.08689	0.0111	0.58494	4.58	0.0002	0.17645	0.0031000000000000003	0.0038	0.0003	0.0046	3.5244	0.0001	0.36312	0.0025	0.1795	0.0071	23.32	16.545579999999998	36767.0	8.37	8.04	17.739
SB050817TAWCSCB73D12BR1TR1I351	CB73	12.0	37.11681	-76.12521	266819.0	159841.0	ODU	e_15_1	05	17	05 17	870	0.7441039398713611	-0.6680638642135328	41760	0.912280701754386	246552.60416666666	1011747.9166666667	75.68959431631308	41.0181855	0.26085	0.0225	0.2639	0.08954	0.013000000000000001	0.52387	8.42	0.0003	0.17135	0.0031000000000000003	0.0038	0.0003	0.006999999999999999	3.9516	0.0	0.45924	0.0025	0.1744	0.0095	25.36	18.16541	39677.0	7.46	8.0	17.468
SB060517TAWCSCB22D11BR2TR1I356	CB22	11.0	39.348730000000025	-76.17579	115709.0	66689.0	DNR	e_15_1	06	17	06 17	901	0.9804691603616321	-0.19667288979357608	37020	0.9124423963133641	248662.91666666672	600877.0833333333	46.03989349540159	40.88879100000001	0.444	0.0518	0.985	0.185	0.0394	1.28	29.0	0.0088	0.259	0.541	0.16399999999999998	0.377	0.0055	2.99	0.3682	5.382999999999999	0.0069	0.8	0.0124	5.04	2.07388	9430.0	3.2	7.2	20.2
SB060517TAWCSCB31D13BR1TR1I357	CB31	13.0	39.24950000000001	-76.24049999999995	126701.0	76299.0	DNR	e_15_1	06	17	06 17	901	0.9804691603616321	-0.19667288979357608	34200	0.9339080459770116	248662.91666666672	600877.0833333333	33.999445284196	37.204478	0.4438	0.0399	0.79	0.16	0.0225	0.848	12.0	0.0178	0.2838	0.3462	0.251	0.0952	0.0093	1.495	0.0774	3.588	0.0081	0.63	0.0174	10.37	6.56358	17900.0	0.4	7.1	18.2
SB062617TAWCSCB31D13BR1TR1I357	CB31	13.0	39.24950000000001	-76.24049999999995	307461.0	166807.0	DNR	spr14	06	17	06 17	921	0.9893142039703666	0.14579919691987306	33780	0.9339080459770116	70008.85416666667	449347.9166666667	41.60991157325292	42.971574	0.617	0.086	1.004	0.254	0.0556	1.93	40.0	0.0066	0.363	0.387	0.26	0.127	0.0048	2.403	0.1204	7.877000000000001	0.0256	0.75	0.0304	7.3	2.75319	13100.0	3.0	7.3	24.5
SB060517TAWCSCB33CD5BR1TR1I354	CB33C	0.0	38.995959999999975	-76.35967000000002	125264.0	74259.0	DNR	e_15_1	06	17	06 17	900	0.9769384927771818	-0.21352091543979532	54180	0.0	249327.2916666667	588862.5	40.99786528599641	35.7860355	0.561	0.0344	0.812	0.322	0.0256	1.69	22.4	0.0062	0.239	0.251	0.06	0.191	0.0039	18.583	0.1848	4.144	0.0049	0.49	0.0088	5.88	2.46717	10800.0	8.9	8.3	21.3
SB060517TAWCSCB33CD24BR1TR1I359	CB33C	24.0	38.995959999999975	-76.35966999999995	199213.0	118220.0	DNR	e_15_1	06	17	06 17	900	0.9769384927771818	-0.21352091543979532	54180	0.9469790382244143	249327.2916666667	588862.5	59.06224678331375	40.36896899999999	0.38095	0.03145	0.70505	0.05505	0.0091	0.3205	4.7	0.00505	0.3259	0.3241	0.2905	0.033600000000000005	0.0107	0.62	0.02855	0.74	0.01165	0.65	0.02235	16.7	11.60551	27400.0	0.57	7.1	17.2
SB060517TAWCSCB42CD26BR1TR1I361	CB42C	27.0	38.646179999999994	-76.42127000000005	47968.0	28896.0	DNR	e_15_1	06	17	06 17	900	0.9769384927771818	-0.21352091543979532	41160	0.9795918367346939	249327.2916666667	588862.5	49.15618748459486	36.78250850000001	0.4115	0.0221	0.652	0.08199999999999999	0.0081	0.473	10.8	0.0063	0.3295	0.2405	0.19699999999999998	0.0435	0.0103	1.526	0.0372	1.892	0.0037	0.57	0.013999999999999999	18.35	12.69489	29800.0	1.3	7.2	18.0
SB060517TAWCSCB43CD27BR1TR1I362	CB43C	26.0	38.55505000000002	-76.42794000000002	225600.0	137838.0	DNR	e_15_1	06	17	06 17	900	0.9769384927771818	-0.21352091543979532	35460	0.9438943894389439	249327.2916666667	588862.5	42.25930062149975	37.2994565	0.3508	0.0245	0.5731	0.0631	0.0071	0.299	16.0	0.0064	0.2877	0.2223	0.18899999999999997	0.0333	0.0116	1.2209999999999999	0.0269	0.809	0.0058	0.51	0.0174	18.97	13.10154	30700.0	1.7	7.3	18.3
SB062617TAWCSCB43CD27BR1TR1I362	CB43C	26.0	38.555050000000016	-76.42794000000002	89208.0	48899.0	DNR	spr14	06	17	06 17	920	0.9916773198992901	0.12874817745257972	34800	0.9438943894389439	70358.85416666667	453741.6666666667	73.00645048800756	47.010177	0.42015	0.0713	0.6497	0.0997	0.0145	0.435	8.0	0.0007	0.3205	0.22955	0.22899999999999998	0.0007	0.0122	0.8540000000000001	0.0	0.74	0.0446	0.55	0.0568	17.93	11.87226	29200.0	0.39	7.3	20.2
SB060517TAWCSCB44D5BR1TR1I353	CB44	0.0	38.414570000000026	-76.34564999999998	278658.0	165290.0	DNR	e_15_1	06	17	06 17	899	0.9731183372332618	-0.23030567023061269	52380	0.0	249662.9166666667	576329.1666666667	44.588141184271905	36.935778000000006	0.6041	0.0358	0.649	0.319	0.0254	1.86	4.4	0.0031	0.2851	0.0449	0.005	0.0399	0.0076	14.952	0.0368	1.709	0.0028	0.33	0.0104	9.65	5.01455	16800.0	10.4	8.6	22.6
SB060517TAWCSCB44D31BR1TR1I363	CB44	31.0	38.414570000000026	-76.34564999999998	191045.0	115555.0	DNR	e_15_1	06	17	06 17	899	0.9731183372332618	-0.23030567023061269	52380	0.9647302904564315	249662.9166666667	576329.1666666667	47.39103047890444	40.026372	0.4215	0.0328	0.621	0.111	0.0146	0.636	15.6	0.005	0.3105	0.1995	0.177	0.0225	0.012	1.831	0.0175	2.334	0.0062	0.51	0.0182	19.38	13.36926	31300.0	2.3	7.3	18.5
SB062617TAWCSCB44D31BR1TR1I363	CB44	31.0	38.414570000000026	-76.34564999999998	93683.0	48726.0	DNR	spr14	06	17	06 17	919	0.9937465804361779	0.11165900712169571	52020	0.9647302904564315	70498.75	461008.3333333333	59.43535674715759	47.224028499999996	0.4363	0.0752	0.657	0.107	0.0107	0.46799999999999997	6.0	0.0007	0.3293	0.2207	0.207	0.0137	0.0156	0.62	0.013149999999999998	1.367	0.0489	0.55	0.0645	18.69	12.49699	30300.0	0.5	7.3	20.0
SB060517TAWCSCB51D33BR1TR1I364	CB51	33.0	38.318700000000014	-76.29215	96798.0	56281.0	DNR	e_15_1	06	17	06 17	899	0.9731183372332618	-0.23030567023061269	49500	0.9580645161290323	249662.9166666667	576329.1666666667	39.603573146977055	35.372026	0.3547	0.0267	0.5217	0.0717	0.0083	0.39299999999999996	7.2	0.0039	0.28300000000000003	0.16699999999999998	0.145	0.022000000000000002	0.0114	1.526	0.0181	1.465	0.006999999999999999	0.45	0.0184	19.73	13.59062	31800.0	2.7	7.4	18.7
SB060517TAWCSCB53D5BR1TR1I352	CB53	0.0	37.91011000000001	-76.17137000000002	147261.0	86490.0	DNR	e_15_1	06	17	06 17	899	0.9731183372332618	-0.23030567023061269	39660	0.0	249662.9166666667	576329.1666666667	48.26315517337101	41.422445	0.489	0.0223	0.552	0.262	0.0152	1.33	7.2	0.0007	0.22699999999999998	0.063	0.006999999999999999	0.055999999999999994	0.005	10.833	0.0555	0.915	0.0021	0.29	0.0071	10.3	5.5807	17800.0	8.9	8.4	22.3
SB060517TAWCSCB53D25BR2TR1I367	CB53	26.0	37.91011000000001	-76.17137000000002	117053.0	68252.0	DNR	e_15_1	06	17	06 17	899	0.9731183372332618	-0.23030567023061269	39660	0.9771812080536912	249662.9166666667	576329.1666666667	52.442183170902176	37.941815500000004	0.4045	0.0282	0.4973	0.0973	0.0087	0.5	10.8	0.0027	0.3072	0.0928	0.073	0.0198	0.0148	1.068	0.0171	1.175	0.0047	0.4	0.0195	21.41	14.68294	34200.0	3.7	7.5	19.5
SB062617TAWCSCB53D25BR1TR1I366	CB53	25.0	37.91011000000001	-76.17137000000002	246926.0	125912.0	DNR	spr14	06	17	06 17	919	0.9937465804361779	0.11165900712169571	39780	0.9395973154362416	70498.75	461008.3333333333	49.58105063249712	46.495631	0.3725	0.045	0.51	0.08	0.0095	0.32899999999999996	6.0	0.0045	0.2925	0.1375	0.129	0.0085	0.0133	0.763	0.004	0.74	0.0222	0.43	0.0355	19.11	12.44722	30900.0	0.8	7.3	21.5
SB060517TAWCSCB54D25BR1TR1I368	CB54	1.0	37.800129999999974	-76.17465999999997	139915.0	83809.0	ODU	e_15_1	06	17	06 17	899	0.9731183372332618	-0.23030567023061269	50160	0.031189083820662766	249662.9166666667	576329.1666666667	65.24858360361617	38.6381175	0.46085	0.0252	0.4642	0.22926	0.0179	1.55085	5.68	0.0003	0.23	0.0043	0.0038	0.0005	0.0052	11.0004	0.0002	0.332	0.0021	0.2349	0.0073	11.65	6.45526	19546.0	9.59	8.54	22.884
SB060517TAWCSCB71D20BR1TR1I383	CB71	16.0	37.683459999999975	-75.98965999999999	214148.0	125552.0	ODU	e_15_1	06	17	06 17	900	0.9769384927771818	-0.21352091543979532	28920	0.8888888888888888	249327.2916666667	588862.5	42.52186622814249	40.784315500000005	0.3144	0.0236	0.3353	0.10503	0.0148	0.58626	15.64	0.0009	0.2094	0.0209	0.0182	0.0027	0.0066	2.3496	0.0018	1.61268	0.0022	0.2303	0.0088	21.38	14.46297	33996.0	4.32	7.81	20.316
SB060517TAWCSCB61D11BR1TR1I370	CB61	1.0	37.58847000000001	-76.16216	241127.0	145231.0	ODU	e_15_1	06	17	06 17	899	0.9731183372332618	-0.23030567023061269	43620	0.08264462809917356	249662.9166666667	576329.1666666667	42.056801496137695	32.5260715	0.40185	0.0206	0.4051	0.18781	0.0133	1.17181	4.66	0.0002	0.21	0.0042	0.0038	0.0004	0.00665	7.1556	0.0002	0.332	0.0009	0.2173	0.0073	14.58	8.71843	24022.0	8.97	8.31	22.69
SB060517TAWCSCB61D11BR1TR1I379	CB61	11.0	37.58847000000002	-76.16216000000001	907759.0	551660.0	ODU	e_15_1	06	17	06 17	899	0.9731183372332618	-0.23030567023061269	43620	0.9090909090909092	249662.9166666667	576329.1666666667	34.24114387164763	38.169346000000004	0.2511	0.0165	0.3041	0.07153	0.0094	0.37446	8.5	0.0013	0.1796	0.053	0.0479	0.0051	0.0042	1.3884	0.0038	0.63012	0.0029	0.2326	0.0071	21.25	14.53889	33809.0	2.93	7.56	19.594
SB060517TAWCSCB62D9BR1TR1I371	CB62	1.0	37.4868	-76.15632999999998	198413.0	119135.0	ODU	e_15_1	06	17	06 17	899	0.9731183372332618	-0.23030567023061269	37380	0.0975609756097561	249662.9166666667	576329.1666666667	41.8924889618332	32.651507499999994	0.40695	0.0189	0.41	0.18364	0.0125	1.07024	4.6	0.0003	0.22335	0.0031000000000000003	0.0038	0.0003	0.0044	6.6216	0.0	0.332	0.002	0.2264	0.0064	14.03	8.32696	23184.0	9.12	8.31	22.596
SB060517TAWCSCB63D10BR1TR1I372	CB63	1.0	37.41152999999999	-76.15965999999997	186704.0	111249.0	ODU	e_15_1	06	17	06 17	899	0.9731183372332618	-0.23030567023061269	34860	0.08791208791208792	249662.9166666667	576329.1666666667	35.36982839172115	31.2089745	0.35695	0.019	0.3602	0.15068	0.0123	1.02549	4.7	0.0002	0.21	0.0042	0.0038	0.0004	0.006	6.1944	0.0002	0.332	0.0009	0.2095	0.0067	14.44	8.64826	23803.0	9.02	8.2	22.551
SB060517TAWCSCB73D12BR1TR1I376	CB73	1.0	37.11681	-76.12521	161824.0	98672.0	ODU	e_15_1	06	17	06 17	907	0.9955213724144751	-0.09453674981720049	40620	0.0760233918128655	91049.06249999999	711922.9166666666	48.261867672325074	33.8722475	0.35635	0.0197	0.3594	0.14765	0.013999999999999999	0.97835	5.32	0.0003	0.2087	0.0031000000000000003	0.0038	0.0003	0.004999999999999999	3.4176	0.0	0.332	0.0009	0.2118	0.0057	17.43	10.16926	28316.0	8.21	8.15	25.263
SB071017TAWCSCB22D11BR2TR1I390	CB22	11.0	39.348730000000025	-76.17579	349675.0	212880.0	DNR	e_15_1	07	17	07 17	935	0.9259247771938499	0.37770796520396466	35700	0.9124423963133641	34380.10416666667	294008.3333333334	16.095736547874182	28.954401	0.9009999999999999	0.1056	1.335	0.215	0.0719	2.1	75.0	0.0102	0.6859999999999999	0.434	0.063	0.371	0.0061	3.2039999999999997	0.3608	7.2620000000000005	0.0276	1.12	0.0337	1.12	-2.60853	2700.0	6.6	7.5	27.1
SB071017TAWCSCB31D13BR1TR1I391	CB31	13.0	39.24950000000001	-76.24049999999995	131185.0	79147.0	DNR	e_15_1	07	17	07 17	935	0.9259247771938499	0.37770796520396466	33420	0.9339080459770116	34380.10416666667	294008.3333333334	28.847173420531284	35.931053999999996	0.6451	0.0849	0.9490000000000001	0.26899999999999996	0.0448	1.63	26.7	0.0052	0.3761	0.3039	0.21	0.0939	0.0084	3.418	0.0887	5.105	0.0317	0.68	0.0401	6.31	1.73996	11500.0	3.0	7.3	25.5
SB071017TAWCSCB32D10BR1TR1I392	CB32	11.0	39.16369000000003	-76.30630999999995	147666.0	83435.0	DNR	spr14	07	17	07 17	935	0.9259247771938499	0.37770796520396466	31140	0.8888888888888888	34380.10416666667	294008.3333333334	67.41573806449351	46.8205615	0.52735	0.0839	0.8465	0.1515	0.03135	0.985	16.0	0.00225	0.37585	0.31915000000000004	0.29100000000000004	0.02815	0.0095	2.35	0.0259	4.1545000000000005	0.04305	0.6950000000000001	0.05255	10.95	5.74253	18800.0	0.48	7.2	23.6
SB071017TAWCSCB33CD5BR1TR1I388	CB33C	0.0	38.995959999999975	-76.35967000000002	129461.0	79508.0	DNR	e_15_1	07	17	07 17	934	0.9322892131745133	0.3617137307297678	53880	0.0	35425.31249999999	305929.1666666666	49.38232904803094	42.2017505	0.7117	0.0531	0.718	0.38799999999999996	0.0362	2.2	8.8	0.0007	0.3237	0.0063	0.005	0.0013	0.0127	17.302	0.0007999999999999999	4.678	0.0042	0.33	0.0169	7.43	2.16453	13300.0	7.9	8.2	27.0
SB071017TAWCSCB33CD24BR1TR1I393	CB33C	24.0	38.995959999999975	-76.35966999999994	309443.0	189702.0	DNR	e_15_1	07	17	07 17	934	0.9322892131745133	0.3617137307297678	53880	0.9469790382244143	35425.31249999999	305929.1666666666	13.59129524716306	46.265652	0.5501	0.1036	0.8265	0.1265	0.0235	0.7915000000000001	5.2	0.0007	0.4236	0.2764	0.273	0.0034	0.013149999999999998	1.2819999999999998	0.00285	2.157	0.06705	0.7	0.0802	13.53	7.9226100000000015	22700.0	0.39	7.2	22.7
SB071017TAWCSCB42CD26BR1TR1I395	CB42C	26.0	38.646179999999994	-76.42127000000005	154323.0	89993.0	DNR	e_15_1	07	17	07 17	934	0.9322892131745133	0.3617137307297678	40680	0.9433106575963719	35425.31249999999	305929.1666666666	38.559860769796025	48.76130850000001	0.4317	0.0895	0.6583	0.0583	0.012	0.31	2.6	0.0007	0.3734	0.2266	0.225	0.0016	0.0108	0.62	0.00105	0.74	0.0667	0.6	0.0775	17.11	10.65282	28000.0	0.41	7.3	22.6
SB071017TAWCSCB43CD27BR1TR1I396	CB43C	26.0	38.55505000000002	-76.42794000000002	179269.0	110498.0	DNR	e_15_1	07	17	07 17	934	0.9322892131745133	0.3617137307297678	35160	0.9438943894389439	35425.31249999999	305929.1666666666	47.44195537189702	52.788006499999995	0.4031	0.0813	0.6053	0.0653	0.0154	0.374	4.0	0.003	0.3378	0.2022	0.19699999999999998	0.0052	0.0088	0.62	0.0022	0.868	0.0571	0.54	0.0659	17.45	10.8574	28500.0	0.41	7.3	22.8
SB071017TAWCSCB44D5BR1TR1I387	CB44	0.0	38.41457000000001	-76.34564999999998	218759.0	128829.0	DNR	e_15_1	07	17	07 17	933	0.9383773917408651	0.3456123126707307	44700	0.0	36723.4375	318483.33333333326	34.80284381790102	34.3758065	0.7357	0.044000000000000004	0.748	0.37799999999999995	0.0316	2.24	8.4	0.0007	0.3577	0.0123	0.011000000000000001	0.0013	0.0093	14.685	0.0007999999999999999	2.79	0.0031	0.37	0.0124	10.95	4.68843	18800.0	9.6	8.4	27.4
SB071017TAWCSCB44D31BR1TR1I397	CB44	31.0	38.414570000000026	-76.34564999999998	179962.0	107572.0	DNR	e_15_1	07	17	07 17	933	0.9383773917408651	0.3456123126707307	44700	0.9647302904564315	36723.4375	318483.33333333326	77.1326106710676	47.52329500000001	0.4488	0.0548	0.6331	0.0731	0.012	0.44799999999999995	15.0	0.0188	0.3757	0.1843	0.158	0.0263	0.0104	0.6409999999999999	0.0075	1.3030000000000002	0.0324	0.56	0.0428	19.73	12.08678	31800.0	1.4	7.4	24.6
SB071017TAWCSCB51D33BR1TR1I398	CB51	33.0	38.318700000000014	-76.29215	135307.0	82023.0	DNR	e_15_1	07	17	07 17	933	0.9383773917408651	0.3456123126707307	41400	0.9580645161290323	36723.4375	318483.33333333326	62.994897553575385	43.48088900000001	0.4501	0.0526	0.6267	0.0667	0.0084	0.355	4.6	0.0098	0.3834	0.1766	0.159	0.0176	0.0138	0.8540000000000001	0.0078	0.74	0.0304	0.56	0.0442	20.85	12.90153	33400.0	1.6	7.4	24.7
SB071017TAWCSCB54D25BR1TR1I402	CB54	1.0	37.80012999999999	-76.17465999999997	174032.0	103994.0	ODU	e_15_1	07	17	07 17	936	0.9192859697186108	0.393590276656466	51420	0.031189083820662766	33365.31250000001	283752.0833333334	27.19738616321541	33.6233035	0.4756	0.0264	0.4787	0.22728	0.0177	1.26737	5.02	0.0003	0.2483	0.0031000000000000003	0.0038	0.0003	0.008	7.1556	0.0	0.332	0.0009	0.2514	0.0087	13.32	6.06989	22230.0	8.62	8.39	28.699
SB071017TAWCSCB71D20BR1TR1I408	CB71	1.0	37.683459999999975	-75.98966000000001	701668.0	412534.0	ODU	e_15_1	07	17	07 17	937	0.9123747579707279	0.40935595881562026	42240	0.05555555555555555	32524.166666666668	275795.8333333334	38.85967733496132	39.143141	0.35605	0.0201	0.3591	0.13382	0.0133	0.98186	4.8	0.0002	0.22225	0.0031000000000000003	0.0038	0.0003	0.0061	6.1944	0.0001	0.332	0.0009	0.2253	0.0068	16.94	8.610510000000001	27704.0	7.47	8.22	29.22
SB071017TAWCSCB71D20BR1TR1I417	CB71	16.0	37.683459999999975	-75.98965999999999	110446.0	70238.0	ODU	e_15_2	07	17	07 17	937	0.9123747579707279	0.40935595881562026	42240	0.8888888888888888	32524.166666666668	275795.8333333334	81.98381158793165	46.3902055	0.2989	0.0437	0.4598	0.11098	0.0136	0.6012	13.08	0.0041	0.1879	0.1609	0.1519	0.009000000000000001	0.0049	1.1748	0.0049	1.4418	0.0252	0.3488	0.0301	22.39	13.80803	35570.0	2.42	7.56	25.573
SB071017TAWCSCB61D11BR1TR1I404	CB61	1.0	37.58847000000001	-76.16216	162924.0	98685.0	ODU	e_15_2	07	17	07 17	936	0.9192859697186108	0.393590276656466	45180	0.08264462809917356	33365.31250000001	283752.0833333334	30.96752255339261	35.8850475	0.4022	0.0242	0.4053	0.18029	0.0166	1.28149	5.1	0.0002	0.2219	0.0031000000000000003	0.0038	0.0003	0.0064	8.4372	0.0001	0.332	0.0012	0.225	0.0076	15.12	7.425860000000001	24962.0	8.33	8.29	28.664
SB071017TAWCSCB62D9BR1TR1I405	CB62	1.0	37.4868	-76.15632999999998	297513.0	185804.0	ODU	e_15_1	07	17	07 17	936	0.9192859697186108	0.393590276656466	37980	0.0975609756097561	33365.31250000001	283752.0833333334	34.985839459332425	37.8298735	0.40075	0.0224	0.4038	0.17081	0.0157	1.11306	4.84	0.0002	0.2299	0.0031000000000000003	0.0038	0.0003	0.0058	8.544	0.0001	0.4272	0.0009	0.233	0.0067	16.42	8.47642	26905.0	7.74	8.2	28.41
SB071017TAWCSCB63D10BR1TR1I406	CB63	1.0	37.41152999999999	-76.15965999999997	135197.0	81313.0	ODU	e_15_1	07	17	07 17	936	0.9192859697186108	0.393590276656466	35820	0.08791208791208792	33365.31250000001	283752.0833333334	22.517762819921302	34.962625	0.4101	0.0242	0.4132	0.19509	0.0167	1.17552	5.1	0.0003	0.215	0.0031000000000000003	0.0038	0.0003	0.0062	10.146	0.0	0.9434	0.0013	0.2181	0.0075	16.97	8.89259	27729.0	7.34	8.12	28.394000000000002
SB071017TAWCSCB72D20BR1TR1I409	CB72	1.0	37.41153	-76.07966	207988.0	125029.0	ODU	e_15_1	07	17	07 17	937	0.9123747579707279	0.40935595881562026	49200	0.04669260700389105	32524.166666666668	275795.8333333334	39.09382172663826	37.050814	0.3525	0.0184	0.3556	0.13576	0.012	1.04999	4.36	0.0002	0.2167	0.0031000000000000003	0.0038	0.0003	0.0057	5.0196	0.0001	0.332	0.0009	0.2198	0.0064	16.71	8.32903	27371.0	7.96	8.3	29.564
SB071017TAWCSCB73D12BR1TR1I410	CB73	1.0	37.11681	-76.12521000000002	195310.0	115594.0	ODU	e_15_1	07	17	07 17	940	0.8900275764346763	0.45590669350845936	38700	0.0760233918128655	29979.270833333332	292847.9166666666	28.901611893382835	36.7388115	0.33205	0.0211	0.3351	0.13402	0.0142	0.8589600000000001	5.24	0.0002	0.19805	0.0031000000000000003	0.0038	0.0003	0.006200000000000001	5.9808	0.0001	0.332	0.0009	0.2011	0.0069	20.83	12.09171	33354.0	7.17	8.18	27.39
SB080717TAWCSCB22D11BR1TR1I423	CB22	10.0	39.348730000000025	-76.17579	401580.0	173353.0	DNR	spr14	08	17	08 17	964	0.6321034111873499	0.7748840413670397	37380	0.8294930875576036	22241.770833333332	466083.33333333343	27.885466132193194	38.4413645	0.708	0.1394	1.5819999999999999	0.322	0.0967	3.15	87.0	0.0372	0.386	0.8740000000000001	0.08900000000000001	0.785	0.0016	2.67	0.7478	8.544	0.0411	1.26	0.0427	2.83	-0.96429	5700.0	5.0	7.3	25.8
SB082817TAWCSCB22D11BR2TR1I458	CB22	11.0	39.348730000000025	-76.17579	202866.0	106088.0	DNR	spr14	08	17	08 17	985	0.3171912885891047	0.948361580012172	37800	0.9124423963133641	19938.020833333332	181655.20833333334	49.50065684469465	43.218931	0.428	0.0921	0.858	0.10800000000000001	0.0254	0.792	15.2	0.0213	0.32	0.43	0.114	0.316	0.0089	2.136	0.2947	2.051	0.0578	0.75	0.0667	9.78	4.43427	17000.0	2.3	7.3	25.2
SB080717TAWCSCB31D13BR1TR1I425	CB31	13.0	39.24950000000001	-76.24049999999995	302510.0	188823.0	DNR	e_15_2	08	17	08 17	964	0.6321034111873499	0.7748840413670397	34200	0.9339080459770116	22241.770833333332	466083.33333333343	51.92515275376822	47.5255705	0.382	0.0871	0.778	0.128	0.0204	0.872	16.0	0.1064	0.254	0.396	0.154	0.242	0.0053	1.78	0.1356	2.7060000000000004	0.0614	0.65	0.0667	10.17	4.58983	17600.0	1.0	7.3	25.7
SB082817TAWCSCB31D13BR1TR1I459	CB31	11.0	39.24950000000001	-76.24049999999995	503108.0	316529.0	DNR	e_15_2	08	17	08 17	985	0.3171912885891047	0.948361580012172	34140	0.7902298850574714	19938.020833333332	181655.20833333334	20.636796147815627	46.565634499999994	0.4258	0.1115	0.615	0.115	0.0151	0.619	5.2	0.0067	0.3108	0.1892	0.127	0.0622	0.0156	2.7769999999999997	0.0555	2.157	0.0808	0.5	0.0964	15.0	8.30414	24900.0	0.4	7.2	25.4
SB082817TAWCSCB32D10BR1TR1I460	CB32	11.0	39.163689999999974	-76.30630999999995	101995.0	63666.0	DNR	e_15_2	08	17	08 17	985	0.3171912885891047	0.948361580012172	30180	0.8888888888888888	19938.020833333332	181655.20833333334	21.287868281881654	47.442412	0.3995	0.115	0.53	0.08	0.0151	0.402	5.4	0.0012	0.3195	0.1305	0.105	0.0255	0.0182	0.8009999999999999	0.0243	0.74	0.0817	0.45	0.0999	17.59	10.19316	28700.0	0.0	7.2	25.6
SB080717TAWCSCB32D10BR1TR1I426	CB32	10.0	39.16368999999999	-76.30630999999995	247476.0	122717.0	DNR	spr14	08	17	08 17	964	0.6321034111873499	0.7748840413670397	30840	0.8080808080808081	22241.770833333332	466083.33333333343	64.44457937096843	46.46609599999999	0.331	0.1044	0.701	0.121	0.0232	0.754	15.0	0.0641	0.21	0.37	0.20199999999999999	0.168	0.0093	1.068	0.1039	2.296	0.0719	0.58	0.0812	13.46	7.090510000000001	22600.0	0.1	7.3	25.6
SB082817TAWCSCB33CD5BR1TR1I456	CB33C	0.0	38.995959999999975	-76.35967	62338.0	38109.0	DNR	e_15_2	08	17	08 17	985	0.3171912885891047	0.948361580012172	53520	0.0	19938.020833333332	181655.20833333334	58.56120679444312	38.2882855	0.8325	0.0621	0.838	0.508	0.0452	3.88	12.4	0.0007	0.3245	0.0055	0.005	0.0007	0.0135	37.594	0.0	11.0	0.0034	0.33	0.0169	9.2	3.860430000000001	16100.0	13.1	8.7	25.7
SB082817TAWCSCB33CD24BR1TR1I461	CB33C	24.0	38.995959999999975	-76.35966999999994	101611.0	66376.0	DNR	e_15_2	08	17	08 17	985	0.3171912885891047	0.948361580012172	53520	0.9469790382244143	19938.020833333332	181655.20833333334	11.366460936432686	44.5940205	0.3674	0.1034	0.4762	0.07120000000000001	0.0121	0.325	5.15	0.0093	0.2962	0.1088	0.0645	0.0443	0.0169	1.068	0.035	0.84	0.0744	0.4033333333333333	0.0913	18.48	10.86176	30000.0	0.5	7.4	25.6
SB080717TAWCSCB33CD24BR1TR1I427	CB33C	24.0	38.995959999999975	-76.35966999999995	247120.0	137188.0	DNR	spr14	08	17	08 17	963	0.645348113229551	0.763888612790542	56100	0.9469790382244143	21497.604166666664	524660.4166666667	48.049945129384355	50.7487855	0.33445	0.15595	0.5677	0.0877	0.01405	0.457	6.699999999999998	0.0036	0.24675	0.23325	0.1865	0.04675	0.02165	1.068	0.04315	2.221	0.12025	0.48	0.1419	17.93	10.44858	29200.0	0.49	7.4	25.6
SB080717TAWCSCB42CD26BR1TR1I429	CB42C	26.0	38.646179999999994	-76.42127000000005	766307.0	482370.0	DNR	e_15_2	08	17	08 17	963	0.645348113229551	0.763888612790542	42900	0.9433106575963719	21497.604166666664	524660.4166666667	55.68714440939154	43.8759765	0.257	0.0658	0.54	0.05	0.0072	0.27	5.3	0.1121	0.207	0.28300000000000003	0.012	0.271	0.0205	0.8540000000000001	0.1589	0.74	0.0381	0.49	0.0586	20.78	12.56073	33300.0	0.77	7.4	25.7
SB082817TAWCSCB42CD26BR1TR1I463	CB42C	26.0	38.646179999999994	-76.42127000000005	885334.0	537183.0	DNR	e_15_2	08	17	08 17	985	0.3171912885891047	0.948361580012172	40920	0.9433106575963719	19938.020833333332	181655.20833333334	44.84435742686903	49.222087	0.3191	0.0834	0.5191	0.0591	0.0084	0.254	5.4	0.0021	0.26	0.2	0.028999999999999998	0.171	0.0199	0.6409999999999999	0.1689	0.74	0.0551	0.46	0.075	19.45	11.56149	31400.0	0.6	7.4	25.7
SB080717TAWCSCB43CD27BR1TR1I430	CB43C	26.0	38.55505000000002	-76.42794000000002	130222.0	81004.0	DNR	e_15_2	08	17	08 17	963	0.645348113229551	0.763888612790542	36780	0.9438943894389439	21497.604166666664	524660.4166666667	39.93703968179401	47.692163	0.284	0.0505	0.521	0.051	0.0065	0.28	4.3	0.1602	0.233	0.237	0.012	0.225	0.0183	0.935	0.0648	0.74	0.0257	0.47	0.044000000000000004	21.9	13.49017	34900.0	1.4	7.5	25.4
SB082817TAWCSCB43CD27BR1TR1I464	CB43C	27.0	38.555050000000016	-76.42794000000002	230851.0	146243.0	DNR	e_15_2	08	17	08 17	985	0.3171912885891047	0.948361580012172	35400	0.9801980198019802	19938.020833333332	181655.20833333334	38.6707891532893	48.6437775	0.2805	0.0832	0.4755	0.0555	0.0073	0.247	3.7	0.0094	0.225	0.195	0.028999999999999998	0.166	0.0182	0.8540000000000001	0.1566	0.74	0.0577	0.42	0.0759	19.52	11.58496	31500.0	0.6	7.4	25.8
SB080717TAWCSCB44D5BR1TR1I421	CB44	0.0	38.41457000000001	-76.34564999999998	399861.0	243882.0	DNR	e_15_2	08	17	08 17	962	0.6584015846980493	0.7526668275320081	53340	0.0	21345.104166666664	573252.0833333333	34.218777734942215	39.57113	0.4475	0.0367	0.528	0.218	0.0192	1.28	9.7	0.0039	0.2295	0.0805	0.011000000000000001	0.0695	0.0097	13.884	0.0656	1.367	0.0078	0.31	0.0175	12.0	5.90899	20400.0	7.6	8.1	25.9
SB082817TAWCSCB44D5BR1TR1I455	CB44	0.0	38.41457000000001	-76.34564999999998	114092.0	65659.0	DNR	e_15_2	08	17	08 17	984	0.3334687789181884	0.9427611433904202	59820	0.0	20495.9375	187316.66666666666	56.456229455281076	48.938328000000006	0.5129	0.0396	0.519	0.18899999999999997	0.0189	1.26	4.8	0.0007	0.3239	0.0061	0.005	0.0011	0.0134	9.612	0.0006000000000000001	1.3030000000000002	0.0073	0.33	0.0207	12.0	5.99335	20400.0	8.4	8.2	25.6
SB080717TAWCSCB44D31BR1TR1I431	CB44	31.0	38.414570000000026	-76.34564999999998	129617.0	81015.0	DNR	e_15_2	08	17	08 17	962	0.6584015846980493	0.7526668275320081	53340	0.9647302904564315	21345.104166666664	573252.0833333333	74.72008875975307	52.9039525	0.426	0.0745	0.634	0.16399999999999998	0.0308	1.1	26.4	0.1164	0.262	0.20800000000000002	0.057999999999999996	0.15	0.0223	1.068	0.0336	4.4639999999999995	0.0214	0.47	0.0437	22.81	14.2619	36200.0	2.0	7.6	25.1
SB082817TAWCSCB44D31BR1TR1I465	CB44	31.0	38.414570000000026	-76.34564999999998	82487.0	51167.0	DNR	e_15_2	08	17	08 17	984	0.3334687789181884	0.9427611433904202	59820	0.9647302904564315	20495.9375	187316.66666666666	60.36559016644846	49.900727	0.348	0.0647	0.52	0.08	0.0123	0.39	8.9	0.10099999999999999	0.268	0.172	0.018000000000000002	0.154	0.0199	1.495	0.053	0.74	0.0325	0.44	0.0524	19.94	11.75323	32100.0	1.8	7.5	26.3
SB080717TAWCSCB51D33BR1TR1I432	CB51	33.0	38.318700000000014	-76.29215	385721.0	242724.0	DNR	e_15_2	08	17	08 17	962	0.6584015846980493	0.7526668275320081	50100	0.9580645161290323	21345.104166666664	573252.0833333333	52.18268720685765	49.6046475	0.294	0.0534	0.46799999999999997	0.057999999999999996	0.0064	0.28	6.7	0.08	0.23600000000000002	0.174	0.069	0.105	0.0226	1.068	0.025	0.74	0.0244	0.41	0.047	22.81	14.2619	36200.0	2.4	7.6	25.1
SB082817TAWCSCB51D33BR1TR1I466	CB51	33.0	38.318700000000014	-76.29215	176343.0	97883.0	DNR	spr14	08	17	08 17	984	0.3334687789181884	0.9427611433904202	57120	0.9580645161290323	20495.9375	187316.66666666666	34.24113657576045	46.01365	0.4407	0.0506	0.53	0.13	0.0142	0.507	13.1	0.0306	0.3107	0.0893	0.051	0.0383	0.0193	2.136	0.0077	1.4769999999999999	0.0171	0.4	0.0364	20.43	12.12099	32800.0	4.6	7.8	26.3
SB080717TAWCSCB53D5BR1TR1I420	CB53	0.0	37.91011000000001	-76.17137000000002	68998.0	40712.0	DNR	e_15_2	08	17	08 17	962	0.6584015846980493	0.7526668275320081	39780	0.0	21345.104166666664	573252.0833333333	44.32875976151363	39.668066	0.4631	0.0365	0.479	0.179	0.0183	1.0	4.7	0.0015	0.2841	0.0159	0.011000000000000001	0.0049	0.0139	9.612	0.0034	0.7609999999999999	0.0043	0.3	0.0182	13.93	7.30128	23300.0	7.1	8.1	26.1
SB082817TAWCSCB53D5BR1TR1I454	CB53	0.0	37.91011000000001	-76.17137000000002	78724.0	48378.0	DNR	e_15_2	08	17	08 17	984	0.3334687789181884	0.9427611433904202	48120	0.0	20495.9375	187316.66666666666	69.44145865516917	45.5634585	0.4547	0.0478	0.511	0.151	0.0156	0.782	7.2	0.0149	0.3037	0.0563	0.024	0.0323	0.016	5.474	0.0174	0.74	0.0162	0.36	0.0322	15.07	8.46895	25000.0	7.4	8.0	25.0
SB082817TAWCSCB53D25BR1TR1I468	CB53	25.0	37.910110000000024	-76.17137000000002	104409.0	66197.0	DNR	e_15_2	08	17	08 17	984	0.3334687789181884	0.9427611433904202	48120	0.9395973154362416	20495.9375	187316.66666666666	71.58017049205056	47.072827	0.4757	0.05795	0.5660000000000001	0.121	0.0138	0.6	12.4	0.0231	0.3547	0.0903	0.0595	0.0308	0.02265	2.483	0.0077	1.7595	0.02145	0.445	0.0441	20.01	11.98219	32200.0	5.5	7.9	25.7
SB082817TAWCSCB54D25BR1TR1I470	CB54	1.0	37.80012999999999	-76.17465999999997	116186.0	71343.0	ODU	e_15_2	08	17	08 17	990	0.23449138957040755	0.9721181966290618	49980	0.031189083820662766	18661.854166666664	158044.58333333334	27.834700961957125	42.0935185	0.36255	0.0302	0.3656	0.13974	0.0175	1.19919	6.14	0.0002	0.2228	0.0031000000000000003	0.0038	0.0003	0.0087	7.9032	0.0001	0.84372	0.004	0.2259	0.0127	16.12	9.43494	26357.0	8.31	8.05	24.364
SB080717TAWCSCB54D25BR2TR1I437	CB54	1.0	37.800129999999974	-76.17465999999997	27513.0	10476.0	ODU	spr14	08	17	08 17	963	0.645348113229551	0.763888612790542	51600	0.031189083820662766	21497.604166666664	524660.4166666667	46.549380415849676	38.2472515	0.38615	0.0242	0.3902	0.1738	0.0172	1.30263	6.5	0.0006	0.21	0.005	0.0038	0.0012	0.0052	9.3984	0.0006	0.61944	0.0018	0.2164	0.006999999999999999	15.04	7.88283	24804.0	8.21	8.14	26.961
SB080717TAWCSCB71D20BR1TR1I442	CB71	1.0	37.683459999999975	-75.98966000000001	139638.0	88133.0	ODU	e_15_2	08	17	08 17	963	0.645348113229551	0.763888612790542	40680	0.05555555555555555	21497.604166666664	524660.4166666667	38.96564099444414	39.432788	0.382	0.023	0.3851	0.16726	0.0166	1.02356	7.16	0.0008	0.21475	0.0031000000000000003	0.0038	0.0003	0.0048	7.9032	-0.0005	0.99324	0.0016	0.2178	0.0064	18.47	10.80274	29876.0	7.3	8.09	25.778000000000002
SB080717TAWCSCB71D20BR1TR1I451	CB71	16.0	37.683459999999975	-75.98965999999999	158432.0	87592.0	ODU	spr14	08	17	08 17	963	0.645348113229551	0.763888612790542	40680	0.8888888888888888	21497.604166666664	524660.4166666667	61.78354231095773	47.7308485	0.2745	0.0425	0.3802	0.09884	0.0167	0.67977	14.12	0.0163	0.1757	0.1057	0.0856	0.0201	0.003	3.5244	0.0038	2.0078400000000003	0.0228	0.2814	0.0258	22.0	13.59185	34995.0	3.28	7.65	25.309
SB080717TAWCSCB61D11BR1TR1I447	CB61	12.0	37.58847000000002	-76.16216000000001	80643.0	48655.0	ODU	e_15_2	08	17	08 17	964	0.6321034111873499	0.7748840413670397	28260	0.9917355371900827	22241.770833333332	466083.33333333343	44.85111717863906	45.584228	0.33799999999999997	0.0548	0.4441	0.15322	0.0266	0.87472	26.73333	0.0235	0.1848	0.1061	0.0802	0.0259	0.0038	3.56	0.0024	1.4240000000000002	0.0244	0.2909	0.0282	21.85	13.5034	34769.0	3.25	7.69	25.225
SB080717TAWCSCB62D9BR1TR1I439	CB62	1.0	37.4868	-76.15633000000001	815178.0	497131.0	ODU	e_15_2	08	17	08 17	964	0.6321034111873499	0.7748840413670397	36600	0.0975609756097561	22241.770833333332	466083.33333333343	35.686141378429	41.421879	0.38325	0.0236	0.3868	0.15687	0.017	0.99135	8.14	0.0006	0.23	0.0045	0.0038	0.0007	0.0056	7.3692	0.0001	1.07868	0.001	0.2299	0.0066	17.43	9.98641	28332.0	7.26	8.13	25.9
SB082817TAWCSCB62D9BR1TR1I473	CB62	1.0	37.4868	-76.15632999999998	845829.0	528502.0	ODU	e_15_2	08	17	08 17	990	0.23449138957040755	0.9721181966290618	36180	0.0975609756097561	18661.854166666664	158044.58333333334	53.71778287124761	49.296759	0.34505	0.0261	0.3481	0.12684	0.0151	0.7700100000000001	5.16	0.0002	0.21825	0.0031000000000000003	0.0038	0.0003	0.0075	5.6604	0.0001	1.36704	0.0035	0.2213	0.011000000000000001	17.11	10.2711	27822.0	7.88	8.03	24.033
SB082817TAWCSCB62D9BR1TR1I482	CB62	10.0	37.48680000000001	-76.15633000000003	319711.0	199708.0	ODU	e_15_2	08	17	08 17	990	0.23449138957040755	0.9721181966290618	36180	0.975609756097561	18661.854166666664	158044.58333333334	94.01032381658636	49.792657	0.2752	0.0615	0.3806	0.10752	0.0248	0.7662399999999999	28.68571	0.0193	0.1677	0.1054	0.0812	0.0242	0.0068	2.403	0.0049	2.92365	0.0299	0.2731	0.0367	24.56	15.90871	38612.0	4.88	7.73	23.953000000000003
SB080717TAWCSCB62D9BR1TR1I448	CB62	9.0	37.48679999999996	-76.15632999999991	127777.0	65401.0	ODU	spr14	08	17	08 17	964	0.6321034111873499	0.7748840413670397	36600	0.8780487804878049	22241.770833333332	466083.33333333343	50.62429767424359	44.5681315	0.32125	0.038750000000000014	0.4068	0.127315	0.0162	0.6294900000000001	12.63	0.0171	0.19395	0.08555	0.0664	0.01915	0.0033	3.738	0.00205	1.1214	0.01925	0.2795	0.02255	20.15	12.13567	32323.0	4.3	7.8	25.534000000000002
SB080717TAWCSCB63D10BR1TR1I440	CB63	1.0	37.41152999999999	-76.15966	65181.0	39813.0	ODU	e_15_2	08	17	08 17	963	0.645348113229551	0.763888612790542	33060	0.08791208791208792	21497.604166666664	524660.4166666667	39.94272756758761	47.4740175	0.36535	0.0268	0.3699	0.16130999999999998	0.0192	0.8836700000000001	8.46	0.0021	0.2	0.0055	0.0038	0.0017	0.0051	8.544	-0.0004	1.3243200000000002	0.0025	0.2086	0.0076	18.38	10.81256	29733.0	6.79	8.09	25.51
SB082817TAWCSCB63D10BR1TR1I474	CB63	1.0	37.41152999999999	-76.15965999999997	102359.0	63715.0	ODU	e_15_2	08	17	08 17	990	0.23449138957040755	0.9721181966290618	33960	0.08791208791208792	18661.854166666664	158044.58333333334	60.04721560216858	43.90351100000001	0.3585	0.0276	0.3616	0.12755	0.0153	0.77709	5.76	0.0002	0.2309	0.0031000000000000003	0.0038	0.0003	0.0086	6.6216	0.0001	1.45248	0.0037	0.23399999999999999	0.0123	17.99	10.96359	29118.0	7.7	7.95	23.925
SB080717TAWCSCB72D20BR1TR1I443	CB72	1.0	37.41152999999999	-76.07966000000003	108227.0	55510.0	ODU	spr14	08	17	08 17	964	0.6321034111873499	0.7748840413670397	41220	0.04669260700389105	22241.770833333332	466083.33333333343	52.28602088582329	41.95799	0.36455	0.0228	0.3679	0.16253	0.0155	0.9658	6.44	0.0007	0.2	0.0043	0.0038	0.0005	0.006	6.4079999999999995	-0.0002	0.39516	0.0013	0.2054	0.0073	18.92	11.19261	30519.0	7.77	8.17	25.599
SB080717TAWCSCB63D10BR1TR1I449	CB63	10.0	37.41152999999998	-76.15966000000002	108552.0	66443.0	ODU	e_15_2	08	17	08 17	963	0.645348113229551	0.763888612790542	33060	0.8791208791208791	21497.604166666664	524660.4166666667	57.20058265081971	45.710984	0.2897	0.0417	0.3843	0.10735	0.0174	0.63052	13.5	0.0096	0.1824	0.0946	0.0831	0.0115	0.0032	3.9516	0.0019	1.2816	0.0211	0.27699999999999997	0.0243	22.53	14.05033	35744.0	4.49	7.8	25.103
SB082817TAWCSCB63D10BR1TR1I483	CB63	9.0	37.41152999999998	-76.15966000000002	221328.0	137613.0	ODU	e_15_2	08	17	08 17	990	0.23449138957040755	0.9721181966290618	33960	0.7912087912087912	18661.854166666664	158044.58333333334	77.73916294564178	46.963408	0.275	0.0618	0.3863	0.10502	0.0248	0.76831	23.525	0.0172	0.17	0.1113	0.0896	0.0217	0.0073	2.67	0.0045	3.03045	0.0297	0.2813	0.037000000000000005	25.1	16.3323	39384.0	4.98	7.73	23.896
SB080717TAWCSCB72D20BR1TR1I452	CB72	21.0	37.41152999999998	-76.07966000000003	122840.0	76517.0	ODU	e_15_2	08	17	08 17	964	0.6321034111873499	0.7748840413670397	41220	0.980544747081712	22241.770833333332	466083.33333333343	73.02544207921298	46.282139	0.298	0.066	0.3928	0.13677	0.0386	1.00189	47.93333	0.0046	0.1612	0.0948	0.0886	0.0062	0.0036	2.67	0.0016	4.806	0.0238	0.256	0.0274	24.27	15.42226	38224.0	4.59	7.78	24.889
SB080717TAWCSCB73D12BR1TR1I444	CB73	1.0	37.11681	-76.12521000000007	426988.0	262334.0	ODU	e_15_2	08	17	08 17	964	0.6321034111873499	0.7748840413670397	51360	0.0760233918128655	22241.770833333332	466083.33333333343	38.02760314109366	42.2116375	0.3054	0.02035	0.3087	0.11791	0.0126	0.7436550000000001	5.94	0.0005	0.1880666666666667	0.0035666666666666663	0.0038	0.0005	0.005	5.1798	0.0	0.46458	0.00275	0.19080000000000005	0.00775	21.66	13.14303	34513.0	7.62	8.07	25.968000000000004
SB082817TAWCSCB73D12BR1TR1I478	CB73	1.0	37.11681	-76.12521	99770.0	62762.0	ODU	e_15_2	08	17	08 17	985	0.3171912885891047	0.948361580012172	40500	0.0760233918128655	19938.020833333332	181655.20833333334	51.67734844393701	44.088883	0.29105000000000003	0.0317	0.2941	0.10703	0.0146	0.70775	7.96	0.0002	0.184	0.0031000000000000003	0.0038	0.0003	0.0077	4.9128	0.0001	0.84372	0.0094	0.1871	0.0171	22.66	14.22434	35925.0	8.0	8.09	24.839000000000002
SB080717TAWCSCB73D12BR1TR1I453	CB73	12.0	37.11681	-76.12520999999997	186237.0	101147.0	ODU	spr14	08	17	08 17	964	0.6321034111873499	0.7748840413670397	51360	0.912280701754386	22241.770833333332	466083.33333333343	78.63649216612528	39.545071500000006	0.2024	0.0353	0.2334	0.07265	0.0138	0.4479	14.7	0.0013	0.1297	0.031	0.0284	0.0026	0.0051	3.5244	0.0013	2.0078400000000003	0.0164	0.1607	0.0215	27.92	18.60857	43325.0	6.36	7.87	23.38
SB091817TAWCSCB33CD5BR1TR1I490	CB33C	0.0	38.995959999999975	-76.35967000000002	614054.0	381819.0	DNR	e_15_2	09	17	09 17	1011	-0.12447926388678732	0.9922222094179325	54660	0.0	13301.124999999998	82687.70833333333	29.131684133911282	36.9726805	0.5575	0.0324	0.564	0.254	0.019	1.77	5.7	0.0009	0.3035	0.0065	0.005	0.0015	0.01	19.865	0.0006	2.115	0.0034	0.31	0.0134	13.33	7.187810000000002	22400.0	9.1	8.3	24.9
SB091817TAWCSCB33CD24BR1TR1I495	CB33C	24.0	38.995959999999975	-76.35966999999995	92163.0	57500.0	DNR	e_15_2	09	17	09 17	1011	-0.12447926388678732	0.9922222094179325	54660	0.9469790382244143	13301.124999999998	82687.70833333333	75.76984867485484	49.8882235	0.45035	0.0582	0.66385	0.06885	0.0064	0.465	4.0	0.00205	0.3815	0.2135	0.013000000000000001	0.2005	0.01385	0.961	0.19845	0.765	0.03795	0.595	0.0518	19.17	11.94159	31000.0	1.3	7.3	23.6
SB091817TAWCSCB42CD26BR1TR1I497	CB42C	26.0	38.646179999999994	-76.42127000000005	1089369.0	673213.0	DNR	e_15_2	09	17	09 17	1011	-0.12447926388678732	0.9922222094179325	41400	0.9433106575963719	13301.124999999998	82687.70833333333	71.27200426547058	51.11142200000001	0.3469	0.0461	0.4759	0.0459	0.0057	0.24	4.4	0.0979	0.301	0.129	0.013000000000000001	0.11599999999999999	0.0151	0.6409999999999999	0.0181	0.74	0.0253	0.43	0.0404	21.2	13.527220000000002	33900.0	3.9	7.6	23.4
SB091817TAWCSCB43CD27BR1TR1I498	CB43C	27.0	38.55505000000002	-76.42794000000002	205212.0	126186.0	DNR	e_15_2	09	17	09 17	1011	-0.12447926388678732	0.9922222094179325	35520	0.9801980198019802	13301.124999999998	82687.70833333333	59.47735641606685	49.360689	0.5766	0.0457	0.684	0.284	0.006	1.45	5.6	0.0656	0.2926	0.1074	0.035	0.0724	0.0147	0.6409999999999999	0.0068	0.74	0.025	0.4	0.0397	21.76	13.92237	34700.0	4.3	7.7	23.5
SB091817TAWCSCB44D5BR1TR1I489	CB44	0.0	38.414570000000026	-76.34564999999998	261547.0	121166.0	DNR	spr14	09	17	09 17	1010	-0.10738134666416169	0.9942179068939521	49980	0.0	13914.833333333332	85835.41666666666	46.8325958531439	38.05828149999999	0.4926	0.0303	0.5	0.18	0.0144	1.21	2.7	0.0009	0.3126	0.0074	0.006	0.0014	0.013000000000000001	8.697000000000001	0.0005	0.809	0.0029	0.32	0.0159	14.46	8.01017	24100.0	9.1	8.3	25.0
SB091817TAWCSCB44D31BR1TR1I499	CB44	31.0	38.41457000000001	-76.34564999999998	169009.0	107526.0	DNR	e_15_2	09	17	09 17	1010	-0.10738134666416169	0.9942179068939521	49980	0.9647302904564315	13914.833333333332	85835.41666666666	89.9089985075388	50.137635499999995	0.3631	0.0476	0.4608	0.0508	0.006999999999999999	0.24	18.4	0.0361	0.3123	0.0977	0.057999999999999996	0.0397	0.0158	0.915	0.0036	0.74	0.0248	0.41	0.04065	22.46	14.45055	35700.0	4.8	7.8	23.5
SB091817TAWCSCB51D33BR1TR1I500	CB51	33.0	38.318700000000014	-76.29215	146265.0	92072.0	DNR	e_15_2	09	17	09 17	1010	-0.10738134666416169	0.9942179068939521	46980	0.9580645161290323	13914.833333333332	85835.41666666666	85.55307406631374	49.87573500000001	0.3605	0.0472	0.4447	0.0647	0.0084	0.368	9.2	0.0288	0.2958	0.0842	0.051	0.0332	0.0147	1.068	0.0044	0.961	0.0241	0.38	0.0388	22.88	14.76751	36300.0	4.9	7.8	23.5
SB091817TAWCSCB53D5BR1TR1I488	CB53	0.0	37.91011000000001	-76.17137000000002	795212.0	489219.0	DNR	e_15_2	09	17	09 17	1010	-0.10738134666416169	0.9942179068939521	38040	0.0	13914.833333333332	85835.41666666666	68.30231062785249	45.44842	0.4984	0.0279	0.512	0.172	0.0153	1.11	4.0	0.0007	0.3264	0.0136	0.006999999999999999	0.0066	0.0102	5.981	0.0061	0.897	0.0024	0.34	0.0126	14.06	7.7370100000000015	23500.0	8.5	8.2	24.9
SB091817TAWCSCB54D25BR2TR1I505	CB54	1.0	37.80012999999999	-76.17465999999997	36611.0	10179.0	ODU	spr14	09	17	09 17	1006	-0.038722280892175276	0.9992500112396835	55320	0.031189083820662766	18420.104166666668	97762.5	49.74182002318482	37.772496000000004	0.35175	0.0239	0.3548	0.12612	0.0153	1.10314	5.5	0.0005	0.2256	0.0031000000000000003	0.0038	0.0003	0.0065	7.476	-0.0002	0.332	0.0021	0.2287	0.0086	14.99	8.5027	24664.0	8.55	8.13	24.660999999999998
SB091817TAWCSCB71D20BR1TR1I510	CB71	1.0	37.683459999999975	-75.98966	67142.0	41343.0	ODU	e_15_2	09	17	09 17	1006	-0.038722280892175276	0.9992500112396835	40980	0.05555555555555555	18420.104166666668	97762.5	69.42967863555593	42.9529095	0.36145	0.0241	0.3646	0.12553	0.0142	0.8519899999999999	7.62	0.0006	0.23	0.0041	0.0038	0.0003	0.0069	7.6896	-0.0003	1.13208	0.003	0.2391	0.0099	19.44	12.02674	31244.0	8.08	7.98	24.031999999999996
SB091817TAWCSCB71D20BR1TR1I520	CB71	18.0	37.683459999999975	-75.98965999999999	184253.0	114181.0	ODU	e_15_2	09	17	09 17	1006	-0.038722280892175276	0.9992500112396835	40980	1.0	18420.104166666668	97762.5	103.05418377684113	49.5004305	0.3479	0.0747	0.4016	0.17172	0.0491	1.17307	55.46666999999999	0.0072	0.1762	0.0537	0.0433	0.0104	0.005	3.6045	0.0032	5.08635	0.0206	0.2299	0.0256	23.69	15.40877	37363.0	6.05	7.88	23.392
SB091817TAWCSCB62D9BR1TR1I507	CB62	1.0	37.4868	-76.15632999999998	89600.0	54247.0	ODU	e_15_2	09	17	09 17	1007	-0.055916990100603414	0.9984354211555643	36000	0.0975609756097561	17721.5625	95527.91666666666	68.27227983971855	43.964342	0.32345	0.0249	0.3265	0.11124	0.0151	0.72947	6.38	0.0005	0.2122	0.0031000000000000003	0.0038	0.0003	0.0053	5.874	-0.0002	1.00392	0.0045	0.2153	0.0098	16.74	9.9484	27283.0	7.64	8.09	24.194000000000003
SB091817TAWCSCB62D9BR1TR1I517	CB62	10.0	37.48680000000001	-76.15633000000003	247122.0	142046.0	ODU	spr14	09	17	09 17	1007	-0.055916990100603414	0.9984354211555643	36000	0.975609756097561	17721.5625	95527.91666666666	73.98586383885353	50.8241575	0.2981	0.0632	0.353	0.13727	0.0341	0.99702	36.0	0.0075	0.1608	0.0549	0.0437	0.0112	0.0051	2.8035	0.0037	3.64455	0.024	0.2157	0.0291	24.36	15.85294	38322.0	5.47	7.87	23.614
SB091817TAWCSCB72D20BR1TR1I511	CB72	1.0	37.41152999999999	-76.07966000000003	119169.0	75152.0	ODU	e_15_2	09	17	09 17	1006	-0.038722280892175276	0.9992500112396835	32820	0.04669260700389105	18420.104166666668	97762.5	70.48002186540516	45.8176115	0.28975	0.0225	0.293	0.09516	0.0116	0.61892	4.94	0.0002	0.19	0.0042	0.0038	0.0004	0.0044	4.272	0.0002	0.6621600000000001	0.0065	0.1978	0.0109	19.39	12.0884	31171.0	7.75	8.1	23.67
SB091817TAWCSCB63D10BR1TR1I508	CB63	1.0	37.41152999999999	-76.15965999999997	315477.0	169847.0	ODU	spr14	09	17	09 17	1006	-0.038722280892175276	0.9992500112396835	30540	0.08791208791208792	18420.104166666668	97762.5	68.28004218910867	46.101933	0.3361	0.021	0.3392	0.12077	0.0121	0.7006899999999999	5.42	0.0004	0.21535	0.0031000000000000003	0.0038	0.0003	0.0053	4.4856	-0.0001	0.67284	0.0036	0.2184	0.0089	16.51	9.86467	26922.0	7.97	8.19	23.865
SB091817TAWCSCB72D20BR1TR1I521	CB72	20.0	37.41152999999998	-76.07966000000003	79509.0	47539.0	ODU	e_15_2	09	17	09 17	1006	-0.038722280892175276	0.9992500112396835	32820	0.9338521400778209	18420.104166666668	97762.5	91.6091211708478	42.949424500000006	0.2449	0.0491	0.2901	0.10586	0.0223	0.70626	21.0	0.0022	0.139	0.0452	0.0416	0.0036	0.0045	4.9395	0.0014	3.56445	0.0223	0.1842	0.0268	29.3	19.61329	45243.0	6.06	7.94	23.519000000000002
SB091817TAWCSCB73D12BR1TR1I522	CB73	13.0	37.11681	-76.12520999999997	251527.0	136818.0	ODU	spr14	09	17	09 17	1007	-0.055916990100603414	0.9984354211555643	44160	0.9883040935672515	17721.5625	95527.91666666666	80.53008499152861	46.8288055	0.3315	0.0654	0.3645	0.18104	0.0418	1.32692	44.66667	0.0018	0.1505	0.033	0.0299	0.0031	0.0053	3.3375	0.0013	4.3254	0.0183	0.1835	0.0236	27.34	18.05024	42528.0	6.27	7.96	23.803
